 #,Song,Artist,BPM,Camelot,Energy,Added At,Duration,Popularity,Genres,Parent Genres,Album,Album Date,Dance,Acoustic,Instrumental,Valence,Speech,Live,Loud (Db),Key,Time Signature,Spotify Track Id,Label,ISRC,Explicit
1,"It's Up (feat. Young Thug & 21 Savage)","Drake, Young Thug, 21 Savage",140,3B,72,2026-08-10,04:38,74,"rap, melodic rap, trap, atl hip hop, hip hop","Hip Hop","100 GIGS",2024-08-30,78,3,0,29,10,10,-5,C♯/D♭,4,1qIwin7JMVuX70qN6wD8ww,"OVO/Republic",USUG12405316,yes
2,"Portland","Drake, Quavo, Travis Scott",136,3B,44,2026-08-10,03:56,70,"rap, atl hip hop, melodic rap, trap","Hip Hop","More Life",2017-03-18,93,2,0,35,20,20,-8,C♯/D♭,4,2bjwRfXMk4uRgOD9IBYl9h,"Cash Money Records/Young Money Ent./Universal Rec.",USCM51700055,yes
3,"Nonstop","Drake",155,9B,41,2026-08-10,03:58,80,"rap","Hip Hop","Scorpion",2018-06-29,91,2,1,42,10,10,-8,G,4,0TlLq3lA83rQOYtrqBqSct,"Cash Money/Drake LP6",USCM51800191,yes
4,"0 To 100 / The Catch Up","Drake",177,10A,72,2026-08-10,04:35,73,"rap","Hip Hop","0 To 100 / The Catch Up",2013-07-14,56,74,0,50,30,20,-4,B minor,4,4jtyUzZm9WLc2AdaJ1dso7,"Cash Money Records/Young Money Ent./Universal Rec.",USCM51400222,yes
5,"Energy","Drake",172,1B,57,2026-08-10,03:01,73,"rap","Hip Hop","If You're Reading This It's Too Late",2015-02-12,75,38,0,55,40,50,-8,B,4,79XrkTOfV1AqySNjVlygpW,"Cash Money Records/Young Money Ent./Universal Rec.",USCM51500012,yes
6,"Legend","Drake",100,3B,56,2026-08-10,04:01,67,"rap","Hip Hop","If You're Reading This It's Too Late",2015-02-12,71,3,0,31,0,0,-8,C♯/D♭,4,1ID1QFSNNxi0hiZCNcwjUC,"Cash Money Records/Young Money Ent./Universal Rec.",USCM51500010,yes
7,"In My Feelings","Drake",91,3B,63,2026-08-10,03:37,78,"rap","Hip Hop","Scorpion",2018-06-29,84,6,0,35,10,40,-6,C♯/D♭,4,2G7V7zsVDxg1yRsu7Ew9RJ,"Cash Money/Drake LP6",USCM51800206,yes
8,"Controlla","Drake",92,3A,47,2026-08-10,04:05,77,"rap","Hip Hop","Views",2016-05-06,59,8,0,35,10,10,-11,A#/B♭ minor,4,3O8NlPh2LByMU9lSRSHedm,"Cash Money Records/Young Money Ent./Universal Rec.",USCM51600080,yes
9,"TSU","Drake",130,11B,56,2026-08-10,05:08,76,"rap","Hip Hop","Certified Lover Boy",2021-09-03,57,23,0,25,40,30,-9,A,4,4s7QLoImIwmPi9L6dq1nVW,"OVO",USUG12104404,yes
10,"Family Matters","Drake",164,3B,49,2026-08-10,07:36,73,"rap","Hip Hop","Family Matters",2024-05-03,53,0,0,23,20,30,-10,C♯/D♭,4,1wFFFzJ5EsKbBWZriAcubN,"OVO/Republic",USUG12402984,yes
11,"Keep The Family Close","Drake",88,8A,57,2026-08-10,05:28,66,"rap","Hip Hop","Views",2016-05-06,38,15,0,20,0,30,-8,A minor,3,7sBwAWyXfiIgrYQ8BaJESH,"Cash Money Records/Young Money Ent./Universal Rec.",USCM51600061,yes
12,"Tried Our Best","Drake",84,1A,30,2026-08-10,03:29,73,"rap","Hip Hop","For All The Dogs",2023-10-06,57,84,0,23,0,10,-14,G#/A♭ minor,3,3IHt4j5uAEl7iBu8Utn985,"OVO/Republic",USUG12306098,yes
13,"HYFR (Hell Ya Fucking Right)","Drake, Lil Wayne",98,6A,63,2026-08-10,03:26,76,"rap, hip hop","Hip Hop","Take Care (Deluxe)",2011-11-15,44,12,0,36,20,0,-9,G minor,3,0m1KYWlT6LhFRBDVq9UNx4,"Cash Money Records/Young Money Ent./Universal Rec.",USCM51100570,yes
14,"IDGAF (feat. Yeat)","Drake, Yeat",137,4B,67,2026-08-10,04:20,76,"rap, rage rap","Hip Hop","For All The Dogs",2023-10-06,67,5,0,14,20,10,-9,G#/A♭,4,2YSzYUF3jWqb9YP9VXmpjE,"OVO/Republic",USUG12306072,yes
15,"Massive","Drake",125,9A,67,2026-08-10,05:36,74,"rap","Hip Hop","Honestly, Nevermind",2022-06-16,50,11,2,6,0,10,-7,E minor,3,0oiv4E896TUTTeQU0cmIui,"OVO",USUG12204890,no
16,"9","Drake",100,6B,71,2026-08-10,04:15,82,"rap","Hip Hop","Views",2016-05-06,68,0,0,4,0,20,-7,A#/B♭,4,1C7KSXR2GVxknex6I4ANco,"Cash Money Records/Young Money Ent./Universal Rec.",USCM51600063,yes
17,"P power (feat. Drake)","Gunna, Drake",119,3B,59,2026-08-10,03:13,78,"melodic rap, rap","Hip Hop","DS4EVER",2022-01-07,83,2,0,20,10,30,-6,C♯/D♭,4,0lEjxUUlKqjqXrVlIHFduD,"300 Entertainment",QMCE32200042,yes
18,"Cameras / Good Ones Go Interlude - Medley","Drake",140,7A,40,2026-08-10,07:14,78,"rap","Hip Hop","Take Care (Deluxe)",2011-11-15,44,26,0,16,10,10,-11,D minor,4,2FbGlEPAjNhWvrVvlentVq,"Cash Money Records/Young Money Ent./Universal Rec.",USCM51100580,yes
19,"No Guidance (feat. Drake)","Chris Brown, Drake",93,12A,45,2026-08-10,04:20,82,"r&b, rap","R&B, Hip Hop","Indigo",2019-06-28,70,12,0,14,10,10,-7,C♯/D♭ minor,4,6XHVuErjQ4XNm6nDPVCxVX,"Chris Brown Entertainment/RCA Records",USRC11901583,yes
20,"One Dance","Drake, Wizkid, Kyla",104,3B,63,2026-08-10,02:53,93,"rap, afrobeats, afrobeat, afropop, azonto, afroswing, afro r&b, afropiano, jersey club","R&B, Traditional Music, Electronic, Pop, Hip Hop","Views",2016-05-06,79,1,0,37,0,30,-6,C♯/D♭,4,1zi7xx7UVEFkmKfv06H8x0,"Cash Money Records/Young Money Ent./Universal Rec.",USCM51600028,no
21,"Headlines","Drake",152,11A,57,2026-08-10,03:55,88,"rap","Hip Hop","Take Care (Deluxe)",2011-11-15,64,37,0,43,10,0,-7,F#/G♭ minor,4,6LxSe8YmdPxy095Ux6znaQ,"Cash Money Records/Young Money Ent./Universal Rec.",USCM51100290,yes
22,"Virginia Beach","Drake",120,12A,51,2026-08-10,04:11,77,"rap","Hip Hop","For All The Dogs",2023-10-06,40,11,0,20,0,10,-7,C♯/D♭ minor,4,3eP13S8D5m2cweMEg3ZDed,"OVO/Republic",USUG12306066,yes
23,"Finesse","Drake",95,5A,32,2026-08-10,03:02,75,"rap","Hip Hop","Scorpion",2018-06-29,81,13,0,30,0,10,-8,C minor,4,2WP8G2pdddDmnh1xbfKBOI,"Cash Money/Drake LP6",USCM51800225,no
24,"Teenage Fever","Drake",97,1A,28,2026-08-10,03:39,84,"rap","Hip Hop","More Life",2017-03-18,77,11,2,14,0,10,-10,G#/A♭ minor,4,6n3HGiq4v35D6eFOSwqYuo,"Cash Money Records/Young Money Ent./Universal Rec.",USCM51700048,yes
25,"All The Parties (feat. Chief Keef)","Drake, Chief Keef",125,5A,41,2026-08-10,03:38,65,"rap, chicago drill, drill","Hip Hop","For All The Dogs",2023-10-06,57,54,0,23,30,10,-10,C minor,4,1PIgY9ybyFT9uWLM5POYGY,"OVO/Republic",USUG12306081,yes
26,"Fancy","Drake, T.I., Swizz Beatz",87,5A,88,2026-08-10,05:19,76,"rap, southern hip hop, battle rap, dirty south rap, trap","Hip Hop","Thank Me Later",2010-01-01,53,33,0,28,40,30,-6,C minor,4,3fpTMuD1u3gJlVI4FadVHs,"Aspire Music Group, LLC",USCM51000256,yes
27,"Deep Pockets","Drake",78,6A,82,2026-08-10,03:42,59,"rap","Hip Hop","Dark Lane Demo Tapes",2020-05-01,47,48,0,37,10,60,-4,G minor,4,3IvMYBE7A3c7to1aEcfFJk,"OVO",USUG12001723,yes
28,"When To Say When","Drake",171,3B,82,2026-08-10,03:43,61,"rap","Hip Hop","Dark Lane Demo Tapes",2020-05-01,41,25,0,53,50,50,-7,C♯/D♭,4,5TCBWmEBrin7etRa4Lswr1,"OVO",USUG12001405,yes
29,"Chicago Freestyle (feat. Giveon)","Drake, GIVĒON",123,6B,45,2026-08-10,03:40,80,"rap, r&b","R&B, Hip Hop","Dark Lane Demo Tapes",2020-05-01,74,63,0,4,30,10,-8,A#/B♭,4,4wVOKKEHUJxHCFFNUWDn0B,"OVO",USUG12001407,yes
30,"Not You Too (feat. Chris Brown)","Drake, Chris Brown",86,8A,45,2026-08-10,04:29,84,"rap, r&b","R&B, Hip Hop","Dark Lane Demo Tapes",2020-05-01,46,34,0,32,0,0,-9,A minor,4,3Q4gttWQ6hxqWOa3tHoTNi,"OVO",USUG12001725,yes
31,"Toosie Slide","Drake",82,12A,49,2026-08-10,04:07,74,"rap","Hip Hop","Dark Lane Demo Tapes",2020-05-01,83,29,0,85,20,10,-9,C♯/D♭ minor,4,466cKvZn1j45IpxDdYZqdA,"OVO",USUG12001281,yes
32,"Desires (with Future)","Drake, Future",145,4A,51,2026-08-10,03:57,68,"rap, trap","Hip Hop","Dark Lane Demo Tapes",2020-05-01,81,28,0,55,10,30,-8,F minor,4,7eYAHC0RbBF9eaqWzT34Aq,"OVO",USUG12001743,yes
33,"Time Flies","Drake",86,6B,48,2026-08-10,03:12,78,"rap","Hip Hop","Dark Lane Demo Tapes",2020-05-01,86,20,0,50,20,10,-6,A#/B♭,4,5H4mXWKcicuLKDn4Jy0sK7,"OVO",USUG12001728,yes
34,"D4L","Future, Drake, Young Thug",170,3B,71,2026-08-10,03:09,60,"rap, trap, melodic rap","Hip Hop","Dark Lane Demo Tapes",2020-05-01,72,1,0,82,0,30,-6,C♯/D♭,4,5fHrHoJKfCgBd35zwIBmUK,"OVO",USSM12002338,yes
35,"Losses","Drake",86,12A,57,2026-08-10,04:31,60,"rap","Hip Hop","Dark Lane Demo Tapes",2020-05-01,55,28,0,51,30,40,-7,C♯/D♭ minor,4,6fLVTVaHWaEfVKfEgbkf4D,"OVO",USUG12001736,yes
36,"Hours In Silence","Drake, 21 Savage",137,11A,41,2026-08-10,06:39,79,"rap, atl hip hop, hip hop","Hip Hop","Her Loss",2022-11-04,48,24,0,12,0,10,-11,F#/G♭ minor,4,0sSRLXxknVTQDStgU1NqpY,"OVO / Republic Records",USUG12208604,yes
37,"Love Me","Lil Wayne, Drake, Future",125,1B,63,2026-08-10,04:15,89,"rap, hip hop, trap","Hip Hop","I Am Not A Human Being II (Deluxe)",2013-01-01,67,1,0,50,0,0,-6,B,4,2XHzzp1j4IfTNp1FTn7YFg,"CM/Republic",USCM51300001,yes
38,"Come Thru","Drake",82,5B,47,2026-08-10,03:56,71,"rap","Hip Hop","Nothing Was The Same (Deluxe)",2013-01-01,56,16,0,41,10,50,-6,D#/E♭,4,3eN46sMTppXYMAyWi37wn1,"Cash Money Records/Young Money Ent./Universal Rec.",USCM51300756,yes
39,"Oprah's Bank Account (Lil Yachty & DaBaby feat. Drake)","Lil Yachty, DaBaby, Drake",138,7B,63,2026-08-10,03:25,54,"atl hip hop, melodic rap, rap, trap, hip hop, north carolina hip hop, pop rap","Hip Hop, Pop","Lil Boat 3",2020-05-29,83,23,0,88,0,30,-4,F,4,0LEFmgIj8ABU7CelzGh5Bs,"Quality Control Music/Motown Records",USUG11902884,yes
40,"Way 2 Sexy (with Future & Young Thug)","Drake, Future, Young Thug",136,10A,60,2026-08-10,04:17,75,"rap, trap, melodic rap","Hip Hop","Certified Lover Boy",2021-09-03,80,0,0,33,10,30,-6,B minor,4,0k1WUmIRnG3xU6fvvDVfRG,"OVO",USUG12104403,yes
41,"Jumpman","Drake, Future",142,3B,55,2026-08-10,03:25,72,"rap, trap","Hip Hop","What A Time To Be Alive",2015-09-20,85,6,0,66,10,30,-7,C♯/D♭,4,27GmP9AWRs744SzKcpJsTZ,"Cash Money Records Inc.",USCM51500300,yes
42,"Change Locations","Drake, Future",138,8B,33,2026-08-10,03:40,62,"rap, trap","Hip Hop","What A Time To Be Alive",2015-09-20,79,2,0,21,30,10,-10,C,4,4gowy3WT6D1yhMLgRBlf9C,"Cash Money Records Inc.",USCM51500299,yes
43,"N 2 Deep","Drake, Future",91,10B,43,2026-08-10,04:33,72,"rap, trap","Hip Hop","Certified Lover Boy",2021-09-03,51,5,0,7,30,10,-8,D,3,34D6FJysnQioVingDKufuf,"OVO",USUG12104405,yes
44,"Jimmy Cooks (feat. 21 Savage)","Drake, 21 Savage",166,8B,67,2026-08-10,03:38,82,"rap, atl hip hop, hip hop","Hip Hop","Honestly, Nevermind",2022-06-17,53,0,0,37,10,0,-5,C,4,3F5CgOj3wFlRv51JsHbxhe,"OVO",USUG12204897,yes
45,"Passionfruit","Drake",112,1B,46,2026-08-10,04:58,90,"rap","Hip Hop","More Life",2017-03-18,81,26,9,36,0,10,-11,B,4,5mCPDVBb16L4XQwDdbRUpz,"Cash Money Records/Young Money Ent./Universal Rec.",USCM51700072,yes
46,"Marvins Room","Drake",112,8A,26,2026-08-10,05:47,82,"rap","Hip Hop","Take Care (Deluxe)",2011-11-15,49,65,0,31,0,0,-17,A minor,5,047fCsbO4NdmwCBn8pcUXl,"Cash Money Records/Young Money Ent./Universal Rec.",USCM51100267,yes
47,"Fair Trade (with Travis Scott)","Drake, Travis Scott",168,3B,47,2026-08-10,04:51,83,"rap","Hip Hop","Certified Lover Boy",2021-09-03,67,5,0,29,20,20,-9,C♯/D♭,4,40iJIUlhi6renaREYGeIDS,"OVO",USUG12104402,yes
48,"Laugh Now Cry Later (feat. Lil Durk)","Drake, Lil Durk",134,8B,52,2026-08-10,04:21,80,"rap, chicago drill, drill","Hip Hop","Laugh Now Cry Later (feat. Lil Durk)",2020-08-14,76,24,0,52,10,10,-9,C,4,2SAqBLGA283SUiwJ3xOUVI,"OVO",USUG12001748,yes
49,"Free Spirit (feat. Rick Ross)","Drake, Rick Ross",100,3B,75,2026-08-10,04:12,60,"rap, southern hip hop","Hip Hop","Care Package",2019-08-02,51,28,0,23,30,10,-5,C♯/D♭,3,18t8ypY0HYaQuGBxg2KdT2,"OVO",USUG11902755,yes
50,"You Broke My Heart","Drake",121,3A,70,2026-08-10,03:50,77,"rap","Hip Hop","For All The Dogs Scary Hours Edition",2023-11-17,47,20,0,28,0,30,-5,A#/B♭ minor,4,5Se32hEA9raeboZerywxka,"OVO/Republic",USUG12309646,yes
51,"I'm On One","DJ Khaled, Drake, Rick Ross, Lil Wayne",149,10A,81,2026-08-10,04:56,79,"hip hop, miami hip hop, pop rap, rap, southern hip hop","Hip Hop, Pop","We The Best Forever",2011-01-01,41,5,0,44,30,60,-3,B minor,4,608a1wIsSd5KzMEqm1O7w3,"Cash Money",USCM51100126,yes
52,"Search & Rescue","Drake",140,3A,44,2026-08-10,04:32,76,"rap","Hip Hop","Search & Rescue",2023-04-07,83,8,0,53,0,30,-9,A#/B♭ minor,4,7aRCf5cLOFN1U7kvtChY1G,"OVO/Republic Records",USUG12301601,yes
53,"Hotline Bling","Drake",135,10B,63,2026-08-10,04:27,86,"rap","Hip Hop","Views",2016-05-06,89,0,0,55,0,0,-8,D,4,0wwPcA6wtMf6HUMpIRdeP7,"Cash Money Records/Young Money Ent./Universal Rec.",USCM51500238,no
54,"Best I Ever Had","Drake",162,3B,92,2026-08-10,04:17,82,"rap","Hip Hop","So Far Gone",2009-00-00,40,19,0,56,30,10,-2,C♯/D♭,4,3QLjDkgLh9AOEHlhQtDuhs,"Young Money/Cash Money Records",USCM51900161,yes
55,"Hold On, We're Going Home","Drake, Majid Jordan",100,11A,41,2026-08-10,03:47,85,"rap, canadian contemporary r&b, canadian hip hop","R&B, Hip Hop","Nothing Was The Same (Deluxe)",2013-01-01,77,0,0,29,10,0,-7,F#/G♭ minor,4,6jdOi5U5LBzQrc4c1VT983,"Cash Money Records/Young Money Ent./Universal Rec.",USCM51300762,no
56,"Jumbotron Shit Poppin","Drake",99,11A,57,2026-08-10,02:17,68,"rap","Hip Hop","Her Loss",2022-11-04,79,23,0,31,20,20,-6,F#/G♭ minor,4,2ZlABhxMMa43COmZ97kKsJ,"OVO / Republic Records",USUG12208610,yes
57,"Yes Indeed","Lil Baby, Drake",120,4A,35,2026-08-10,02:22,79,"atl hip hop, atl trap, rap, trap","Hip Hop","Harder Than Ever",2018-05-18,96,4,0,56,50,10,-9,F minor,4,6vN77lE9LK6HP2DewaN6HZ,"Quality Control Music, LLC",USUM71806749,yes
58,"What’s Next","Drake",130,5A,59,2026-08-10,02:58,71,"rap","Hip Hop","Scary Hours 2",2021-03-05,78,1,0,6,0,10,-7,C minor,4,3aQem4jVGdhtg116TmJnHz,"OVO",USUG12101041,yes
59,"Oh U Went (feat. Drake)","Young Thug, Drake",136,6A,79,2026-08-10,03:05,70,"rap, melodic rap, trap","Hip Hop","BUSINESS IS BUSINESS",2023-06-23,81,5,0,47,20,0,-6,G minor,4,7qLr3HMApUbyDkUvgIvHnB,"300 Entertainment/Atl",USAT22306750,yes
60,"No Face","Drake",126,6B,69,2026-08-10,02:17,76,"rap","Hip Hop","No Face",2024-08-31,85,8,0,47,0,0,-6,A#/B♭,4,1560osUcXrnov6yuOjXvc1,"OVO",USUG12405322,yes
61,"Money In The Grave (Drake ft. Rick Ross)","Drake, Rick Ross",101,3A,50,2026-08-10,03:25,78,"rap, southern hip hop","Hip Hop","The Best In The World Pack",2019-06-15,83,10,0,10,0,10,-4,A#/B♭ minor,4,5ry2OE6R2zPQFDO85XkgRb,"Republic Records",USCM51900318,yes
62,"Do Not Disturb","Drake",171,6A,69,2026-08-10,04:43,79,"rap","Hip Hop","More Life",2017-03-18,62,25,0,45,40,10,-6,G minor,4,2KvHC9z14GSl4YpkNMX384,"Cash Money Records/Young Money Ent./Universal Rec.",USCM51700049,yes
63,"Solid (feat. Drake)","Young Stoner Life, Young Thug, Gunna, Drake",126,10A,49,2026-08-10,03:35,73,"pop rap, rap, melodic rap, trap","Hip Hop, Pop","Slime Language 2",2021-04-16,89,4,0,33,20,10,-9,B minor,4,6rTInqW3YECMkQsBEHw4sd,"300 Entertainment",QMCE32100237,yes
64,"Blue Tint","Drake",134,6A,37,2026-08-10,02:42,65,"rap","Hip Hop","Scorpion",2018-06-29,89,1,0,12,30,10,-10,G minor,4,4n1bdaKwynQndm47x5HqWX,"Cash Money/Drake LP6",USCM51800201,yes
65,"Demons (feat. Fivio Foreign & Sosa Geek)","Drake, Fivio Foreign, Sosa Geek",107,5A,77,2026-08-10,03:24,57,"rap, brooklyn drill, new york drill, drill, uk drill","Hip Hop","Dark Lane Demo Tapes",2020-05-01,54,42,0,73,30,10,-3,C minor,3,05aZ9sAU1YXndHv0FMi9iW,"OVO",USUG12001740,yes
66,"Landed","Drake",164,9B,64,2026-08-10,02:32,61,"rap","Hip Hop","Dark Lane Demo Tapes",2020-05-01,88,1,0,72,20,10,-5,G,4,3KixNgUEaDtrKJVzdqjU5q,"OVO",USUG12001730,yes
67,"From Florida With Love","Drake",81,11A,48,2026-08-10,03:54,62,"rap","Hip Hop","Dark Lane Demo Tapes",2020-05-01,79,77,0,48,20,10,-8,F#/G♭ minor,4,0YkUwXxnTkeJBvt5upeEtP,"OVO",USUG12001738,yes
68,"War","Drake",144,3A,79,2026-08-10,03:00,61,"rap","Hip Hop","Dark Lane Demo Tapes",2020-05-01,75,29,0,24,0,10,-4,A#/B♭ minor,4,1I55Ea0zVoSKs6MqW7DQ3i,"OVO",USUG12001409,yes
69,"Work","Rihanna, Drake",92,1B,53,2026-08-10,03:39,84,"barbadian pop, pop, urban contemporary, rap","Pop, Hip Hop, R&B","ANTI (Deluxe)",2016-01-28,72,7,0,55,0,0,-6,B,4,72TFWvU3wUYdUuxejTTIzt,"Roc Nation / Rihanna",QM5FT1600116,yes
70,"Over The Top (feat. Drake)","Smiley, Drake",140,3A,50,2026-08-10,02:33,67,"canadian hip hop, rap","Hip Hop","Over The Top (feat. Drake)",2021-07-23,83,5,0,26,10,10,-5,A#/B♭ minor,4,1aQjCPrIvQm5cfY7FhAOhq,"OVO Sound",USWB12102367,yes
71,"No Friends In The Industry","Drake",84,3B,74,2026-08-10,03:24,72,"rap","Hip Hop","Certified Lover Boy",2021-09-03,84,2,0,17,10,60,-5,C♯/D♭,4,2tUL6dZf1mywCj5WvCPZw6,"OVO",USUG12104408,yes
72,"Never Recover (Lil Baby & Gunna, Drake)","Lil Baby, Gunna, Drake",132,12A,69,2026-08-10,03:14,78,"atl hip hop, atl trap, rap, trap, melodic rap","Hip Hop","Drip Harder",2018-10-05,75,7,0,89,20,10,-5,C♯/D♭ minor,4,6wWaVoUOzLQJHd3bWAUpdZ,"Quality Control Music/Young Stoner Life Records, a 300 Entertainment Label/Motown Records/Capitol Records",USUG11801946,yes
73,"Betrayal (feat. Drake)","Trippie Redd, Drake",158,4B,56,2026-08-10,02:32,56,"melodic rap, rap","Hip Hop","Trip At Knight",2021-08-21,74,1,0,13,0,10,-7,G#/A♭,4,0XqGHtlXsdVW2n8HJ3KyeE,"1400 Entertainment, Inc. / 10K Projects",QZJ842001215,yes
74,"Papi’s Home","Drake",140,10B,74,2026-08-10,02:58,67,"rap","Hip Hop","Certified Lover Boy",2021-09-03,70,11,0,59,30,70,-6,D,4,6jy9yJfgCsMHdu2Oz4BGKX,"OVO",USUG12104398,yes
75,"Sticky","Drake",137,2B,50,2026-08-10,04:03,72,"rap","Hip Hop","Honestly, Nevermind",2022-06-17,85,9,0,8,10,0,-15,F#/G♭,4,4rmVZajAF7PkrCagGPHbqa,"OVO",USUG12204888,yes
76,"Bubbly (with Drake & Travis Scott)","Young Thug, Drake, Travis Scott",129,10A,59,2026-08-10,02:45,71,"rap, melodic rap, trap","Hip Hop","Punk",2021-10-15,91,5,0,60,20,10,-8,B minor,4,4KDNRh9Oor80z3XIxdWlui,"300 Entertainment/Atl",USAT22106845,yes
77,"Can’t Take A Joke","Drake",174,3A,60,2026-08-10,02:43,68,"rap","Hip Hop","Scorpion",2018-06-29,76,13,0,45,10,0,-7,A#/B♭ minor,4,1dUHF4RyMmMTveJ0Rby6Xm,"Cash Money/Drake LP6",USCM51800215,yes
78,"Gyalchester","Drake",131,3B,39,2026-08-10,03:09,70,"rap","Hip Hop","More Life",2017-03-18,88,3,0,12,0,0,-8,C♯/D♭,4,6UjfByV1lDLW0SOVQA4NAi,"Cash Money Records/Young Money Ent./Universal Rec.",USCM51700046,yes
79,"The Motto","Drake, Lil Wayne",202,3B,44,2026-08-10,03:01,77,"rap, hip hop","Hip Hop","Take Care (Deluxe)",2011-11-15,77,0,0,39,30,10,-9,C♯/D♭,4,4Kz4RdRCceaA9VgTqBhBfa,"Cash Money Records/Young Money Ent./Universal Rec.",USCM51100731,yes
80,"Drama (feat. Drake)","Roy Woods, Drake",122,1B,36,2026-08-10,04:11,2,"canadian contemporary r&b, canadian hip hop, trap soul, rap","R&B, Hip Hop","Exis",2015-07-31,71,16,0,11,0,10,-10,B,4,0PXp9QxBfSKGGpWUNaws2X,"OVO Sound/Warner Records",USWB11508706,yes
81,"Wants and Needs (feat. Lil Baby)","Drake, Lil Baby",136,3B,45,2026-08-10,03:12,79,"rap, atl hip hop, atl trap, trap","Hip Hop","Scary Hours 2",2021-03-05,58,6,0,10,20,10,-6,C♯/D♭,4,65OVbaJR5O1RmwOQx0875b,"OVO",USUG12101042,yes
82,"Another Late Night (feat. Lil Yachty)","Drake, Lil Yachty",158,4A,71,2026-08-10,02:50,64,"rap, atl hip hop, melodic rap, trap","Hip Hop","For All The Dogs",2023-10-06,70,1,0,28,0,10,-5,F minor,4,17IBDpAl3J39swaoPlfGpp,"OVO/Republic",USUG12306086,yes
83,"Little Bit (feat. Lykke Li)","Drake, Lykke Li",120,10A,89,2026-08-10,03:50,74,"rap, art pop, electropop, indietronica, neo-synthpop, swedish electropop, swedish indie pop, swedish pop","Pop, Electronic, Rock, Hip Hop","So Far Gone",2009-00-00,76,10,3,77,0,60,-5,B minor,4,524wvipGqxPKYWxkjf9y46,"Young Money/Cash Money Records",USCM51900160,yes
84,"God's Plan","Drake",77,9B,45,2026-08-10,03:18,88,"rap","Hip Hop","Scorpion",2018-06-29,75,3,0,36,10,50,-9,G,4,6DCZcSspjsKoFjzjrWoCdn,"Cash Money/Drake LP6",USCM51800004,yes
85,"WAIT FOR U (feat. Drake & Tems)","Future, Drake, Tems",83,3B,64,2026-08-10,03:09,85,"rap, trap, afrobeats, afro r&b, alté, afrobeat","R&B, Traditional Music, Electronic, Hip Hop","I NEVER LIKED YOU",2022-04-29,46,31,0,34,30,0,-4,C♯/D♭,4,59nOXPmaKlBfGMDeOVGrIK,"Epic/Freebandz",USSM12203789,yes
86,"Right Hand","Drake",101,10B,30,2026-08-10,03:10,59,"rap","Hip Hop","Right Hand",2015-07-31,92,12,0,35,20,0,-8,D,4,3lSR267IJfT54p0Gfuw7mi,"Cash Money Records/Young Money Ent./Universal Rec.",USCM51500244,yes
87,"Rich Flex","Drake, 21 Savage",160,9A,52,2026-08-10,03:59,77,"rap, atl hip hop, hip hop","Hip Hop","Her Loss",2022-11-04,55,5,0,42,20,30,-9,E minor,4,1bDbXMyjaUIooNwFE9wn0N,"OVO / Republic Records",USUG12208598,yes
88,"Major Distribution","Drake, 21 Savage",131,1B,54,2026-08-10,02:50,67,"rap, atl hip hop, hip hop","Hip Hop","Her Loss",2022-11-04,91,1,0,23,30,0,-10,B,4,46s57QULU02Voy0Kup6UEb,"OVO / Republic Records",USUG12208599,yes
89,"On BS","Drake, 21 Savage",158,11B,37,2026-08-10,04:21,72,"rap, atl hip hop, hip hop","Hip Hop","Her Loss",2022-11-04,84,2,0,36,60,10,-7,A,4,34tz0eDhGuFErIuW3q4mPX,"OVO / Republic Records",USUG12208600,yes
90,"BackOutsideBoyz","Drake",142,4A,43,2026-08-10,02:32,64,"rap","Hip Hop","Her Loss",2022-11-04,85,5,0,46,30,30,-8,F minor,4,0wshkEEcJUQU33RSRBb5dv,"OVO / Republic Records",USUG12208601,yes
91,"Privileged Rappers","Drake, 21 Savage",144,7B,60,2026-08-10,02:40,69,"rap, atl hip hop, hip hop","Hip Hop","Her Loss",2022-11-04,93,0,0,65,10,10,-8,F,4,7l2nxyx7IkBX5orhkALg0V,"OVO / Republic Records",USUG12208602,yes
92,"Spin Bout U","Drake, 21 Savage",130,9B,72,2026-08-10,03:34,76,"rap, atl hip hop, hip hop","Hip Hop","Her Loss",2022-11-04,76,1,0,23,0,10,-6,G,4,2ZL7WZcjuYKi1KUDtp4kCC,"OVO / Republic Records",USUG12208603,yes
93,"Treacherous Twins","Drake, 21 Savage",89,3A,51,2026-08-10,03:00,64,"rap, atl hip hop, hip hop","Hip Hop","Her Loss",2022-11-04,76,8,0,59,30,10,-7,A#/B♭ minor,4,4Flfb4fGscN9kXPOduQLrv,"OVO / Republic Records",USUG12208605,yes
94,"Circo Loco","Drake, 21 Savage",104,3B,58,2026-08-10,03:56,71,"rap, atl hip hop, hip hop","Hip Hop","Her Loss",2022-11-04,73,1,0,26,0,30,-9,C♯/D♭,4,7GeTsDIc5ykNB6lORO6Cee,"OVO / Republic Records",USUG12208606,yes
95,"Pussy & Millions (feat. Travis Scott)","Drake, 21 Savage, Travis Scott",122,9A,62,2026-08-10,04:02,71,"rap, atl hip hop, hip hop","Hip Hop","Her Loss",2022-11-04,75,6,0,38,10,30,-7,E minor,4,2KLwPaRDOB87XOYAT2fgxh,"OVO / Republic Records",USUG12208607,yes
96,"Broke Boys","Drake, 21 Savage",120,10B,53,2026-08-10,03:45,69,"rap, atl hip hop, hip hop","Hip Hop","Her Loss",2022-11-04,64,1,0,11,20,20,-7,D,4,45pUWUeEWGoSdH6UF162G8,"OVO / Republic Records",USUG12208608,yes
97,"Middle of the Ocean","Drake",76,9A,71,2026-08-10,05:56,67,"rap","Hip Hop","Her Loss",2022-11-04,62,16,0,26,30,30,-6,E minor,4,410TZrK18uRjtsTunG14cl,"OVO / Republic Records",USUG12208609,yes
98,"More M’s","Drake, 21 Savage",82,3B,50,2026-08-10,03:41,63,"rap, atl hip hop, hip hop","Hip Hop","Her Loss",2022-11-04,71,3,0,7,20,10,-7,C♯/D♭,4,29YW2xXlo6Pc6M0SBTCXYN,"OVO / Republic Records",USUG12208611,yes
99,"Make Them Cry","Drake",80,3B,66,2026-08-10,05:07,77,"rap","Hip Hop","ICEMAN",2026-05-15,50,35,0,40,40,10,-7,C♯/D♭,4,55wlsNYqcfiQsHuX8l0jmF,"OVO/Republic",USUG12602487,yes
100,"Dust","Drake",138,6A,56,2026-08-10,03:09,79,"rap","Hip Hop","ICEMAN",2026-05-15,73,3,0,18,10,10,-5,G minor,4,4eE16RJFDKf2WxBTqqfylu,"OVO/Republic",USUG12602488,yes
101,"Whisper My Name","Drake",124,10A,57,2026-08-10,03:42,85,"rap","Hip Hop","ICEMAN",2026-05-15,88,7,0,47,10,10,-6,B minor,4,7KGHenqXZofXNm5MKDbT3J,"OVO/Republic",USUG12602489,yes
102,"Janice STFU","Drake",126,3B,48,2026-08-10,03:57,93,"rap","Hip Hop","ICEMAN",2026-05-15,79,8,0,19,0,10,-8,C♯/D♭,4,514joG57v4yKTsfQmz7stz,"OVO/Republic",USUG12604763,yes
103,"Ran To Atlanta (feat. Future & Molly Santana)","Drake, Future, Molly Santana",140,3B,58,2026-08-10,04:07,84,"rap, trap, rage rap, underground hip hop","Hip Hop","ICEMAN",2026-05-15,56,3,0,28,20,10,-7,C♯/D♭,4,3DK90400cDlV5WUJPraMph,"OVO/Republic",USUG12604764,yes
104,"Shabang","Drake",117,1A,53,2026-08-10,03:08,86,"rap","Hip Hop","ICEMAN",2026-05-15,86,11,0,64,10,10,-6,G#/A♭ minor,4,6vjpQIdABqntoe3zPazPec,"OVO/Republic",USUG12604765,yes
105,"Make Them Pay","Drake",162,4A,93,2026-08-10,05:01,77,"rap","Hip Hop","ICEMAN",2026-05-15,55,30,0,62,30,10,-5,F minor,4,57rkFdhoKjgkg16fsS4pgg,"OVO/Republic",USUG12604766,yes
106,"Burning Bridges","Drake",130,2A,52,2026-08-10,03:45,78,"rap","Hip Hop","ICEMAN",2026-05-15,74,34,0,22,0,10,-6,D#/E♭ minor,4,1ijYk2EYwj0rGqYwtjiAUJ,"OVO/Republic",USUG12604767,yes
107,"National Treasures","Drake",193,1B,71,2026-08-10,03:20,88,"rap","Hip Hop","ICEMAN",2026-05-15,40,13,0,31,20,40,-6,B,3,393OFJFZKIIv66JmJcNm9D,"OVO/Republic",USUG12604768,yes
108,"Plot Twist","Drake",123,3B,52,2026-08-10,03:15,82,"rap","Hip Hop","ICEMAN",2026-05-15,83,12,0,61,0,50,-7,C♯/D♭,4,3cLCA9LSb6UiOeNvTZoaav,"OVO/Republic",USUG12604770,yes
109,"2 Hard 4 The Radio","Drake",111,10A,75,2026-08-10,03:03,81,"rap","Hip Hop","ICEMAN",2026-05-15,66,4,0,63,10,30,-7,B minor,4,7COiiObIVJIdBcW3J43Iy2,"OVO/Republic",USUG12604771,yes
110,"Make Them Remember","Drake",86,3B,88,2026-08-10,05:23,73,"rap","Hip Hop","ICEMAN",2026-05-15,61,17,0,49,20,20,-4,C♯/D♭,4,73ycOMnODtUc2Ggj6EfCpO,"OVO/Republic",USUG12604773,yes
111,"Don’t Worry","Drake",150,7B,58,2026-08-10,04:06,77,"rap","Hip Hop","ICEMAN",2026-05-15,68,1,0,25,0,0,-9,F,4,6cYGpGmnMeK9qWhRpaZOZ5,"OVO/Republic",USUG12604775,yes
112,"Firm Friends","Drake",80,7B,70,2026-08-10,05:02,73,"rap","Hip Hop","ICEMAN",2026-05-15,68,45,0,87,20,10,-7,F,4,3rssNOLucK9fzsRcKonhYu,"OVO/Republic",USUG12604776,yes
113,"Make Them Know","Drake",120,3B,56,2026-08-10,04:08,77,"rap","Hip Hop","ICEMAN",2026-05-15,70,57,0,23,30,10,-8,C♯/D♭,4,1xO3PpGchMqMmmF6OEtH5Y,"OVO/Republic",USUG12604777,yes
114,"WNBA","Drake",118,4B,48,2026-08-10,02:58,80,"rap","Hip Hop","HABIBTI",2026-05-15,45,25,0,7,0,10,-12,G#/A♭,4,6zZvy88xp6FIjJKhqwnJeQ,"OVO/Republic",USUG12602382,yes
115,"Slap The City (feat. Qendresa)","Drake, Qendresa",124,11A,47,2026-08-10,03:22,75,"rap, alternative r&b","Pop, R&B, Hip Hop","HABIBTI",2026-05-15,82,71,0,42,20,10,-8,F#/G♭ minor,4,3nwcQXP0mBmXmlrirQxCkz,"OVO/Republic",USUG12602383,yes
116,"High Fives","Drake",143,3B,70,2026-08-10,04:16,73,"rap","Hip Hop","HABIBTI",2026-05-15,48,2,0,55,20,30,-6,C♯/D♭,4,6vAg7qqbiIrQhQtxPegLw1,"OVO/Republic",USUG12602384,yes
117,"Classic","Drake",125,7B,41,2026-08-10,02:59,75,"rap","Hip Hop","HABIBTI",2026-05-15,59,19,0,28,0,10,-7,F,4,3hZbi8AG14hRw5Skg7V8pl,"OVO/Republic",USUG12602441,yes
118,"Gen 5","Drake",117,4A,40,2026-08-10,03:37,72,"rap","Hip Hop","HABIBTI",2026-05-15,79,18,0,12,0,10,-7,F minor,4,0s3NwbrNRsUTVJVdBeD5Wa,"OVO/Republic",USUG12602442,yes
119,"White Bone","Drake",118,4A,35,2026-08-10,04:57,73,"rap","Hip Hop","HABIBTI",2026-05-15,49,84,0,4,0,10,-11,F minor,4,6o6cIHT9YvlrUD2bOHo4hB,"OVO/Republic",USUG12602443,yes
120,"Fortworth (feat. PARTYNEXTDOOR)","Drake, PARTYNEXTDOOR",101,11B,19,2026-08-10,03:51,77,"rap, dark r&b, r&b, trap soul","R&B, Hip Hop","HABIBTI",2026-05-15,42,81,0,14,0,0,-11,A,4,0F1rlXkOcI1Iqfz9Y3BdO4,"OVO/Republic",USUG12602444,yes
121,"Hoe Phase","Drake",130,8A,53,2026-08-10,03:23,77,"rap","Hip Hop","MAID OF HONOUR",2026-05-15,53,24,0,33,10,0,-10,A minor,4,0O6lm9N6qJclxNFHl51nkr,"OVO/Republic",USUG12602459,yes
122,"Road Trips","Drake",126,12A,68,2026-08-10,04:03,77,"rap","Hip Hop","MAID OF HONOUR",2026-05-15,72,2,0,11,0,0,-8,C♯/D♭ minor,4,6p0Ai6wRjz9CmjqkhoKOwf,"OVO/Republic",USUG12602460,yes
123,"Outside Tweaking (feat. Stunna Sandy)","Drake, Stunna Sandy",143,2B,63,2026-08-10,03:10,65,"rap","Hip Hop","MAID OF HONOUR",2026-05-15,49,2,0,44,10,10,-8,F#/G♭,4,0EsJdOSOrBfTo816lWRW4Q,"OVO/Republic",USUG12602461,yes
124,"Amazing Shape (feat. Popcaan)","Drake, Popcaan",119,3B,33,2026-08-10,02:56,66,"rap, dancehall, soca, riddim, afrobeats, reggae, ragga","R&B, Traditional Music, Reggae, Hip Hop, Electronic, Latin","MAID OF HONOUR",2026-05-15,77,7,0,21,30,10,-10,C♯/D♭,3,6hFjD546JTuTsUS6GawtVF,"OVO/Republic",USUG12602463,yes
125,"True Bestie (feat. Iconic Savvy)","Drake, Iconic Savvy",78,11A,58,2026-08-10,02:28,66,"rap, footwork","Electronic, Hip Hop","MAID OF HONOUR",2026-05-15,49,17,0,18,40,40,-10,F#/G♭ minor,4,5njYiWKlMfU1HkOyetTRg8,"OVO/Republic",USUG12602465,yes
126,"New Bestie","Drake",125,4A,58,2026-08-10,04:19,73,"rap","Hip Hop","MAID OF HONOUR",2026-05-15,86,8,0,55,20,10,-8,F minor,4,5dYyoRxPWVaV36XSD49yGS,"OVO/Republic",USUG12602467,yes
127,"Q&A","Drake",129,11A,45,2026-08-10,03:43,68,"rap","Hip Hop","MAID OF HONOUR",2026-05-15,49,23,0,15,0,10,-9,F#/G♭ minor,4,7ppIKUHCFQGCQny1Se2jLV,"OVO/Republic",USUG12602468,yes
128,"Stuck","Drake",111,8B,55,2026-08-10,02:57,67,"rap","Hip Hop","MAID OF HONOUR",2026-05-15,82,5,0,79,0,0,-8,C,4,02nXNKtNtO04TwnJpQrEWN,"OVO/Republic",USUG12602469,yes
129,"Princess","Drake",168,8B,43,2026-08-10,03:13,68,"rap","Hip Hop","MAID OF HONOUR",2026-05-15,45,51,0,23,0,30,-9,C,4,2OrkG4TIWdm5ZhBwpbr3o0,"OVO/Republic",USUG12602471,yes
130,"Miss Me","Drake, Lil Wayne",100,10B,86,2026-08-10,05:05,66,"rap, hip hop","Hip Hop","Thank Me Later",2010-01-01,43,8,0,33,60,30,-6,D,5,1U4mweNwisxNj23ffuC9gO,"Aspire Music Group, LLC",USCM51000210,yes
131,"Pain 1993 (with Playboi Carti)","Drake, Playboi Carti",77,4A,37,2026-08-10,02:29,73,"rap, rage rap","Hip Hop","Dark Lane Demo Tapes",2020-05-01,83,16,0,12,10,30,-6,F minor,4,6Kj17Afjo1OKJYpf5VzCeo,"OVO",USUG12001746,yes
132,"Doing It Wrong","Drake",101,11A,17,2026-08-10,04:25,78,"rap","Hip Hop","Take Care (Deluxe)",2011-11-15,40,84,0,12,0,10,-16,F#/G♭ minor,4,4eSGSqP2TZvvX0kadZZttM,"Cash Money Records/Young Money Ent./Universal Rec.",USCM51100564,yes
133,"Lust For Life","Drake",87,2B,42,2026-08-10,02:56,72,"rap","Hip Hop","So Far Gone",2009-00-00,46,94,3,9,10,10,-10,F#/G♭,4,1v24T2ug4TlssYZvI3aL4O,"Young Money/Cash Money Records",USCM51900146,yes
134,"Houstatlantavegas","Drake",135,12A,70,2026-08-10,04:50,73,"rap","Hip Hop","So Far Gone",2009-00-00,68,39,0,41,0,10,-7,C♯/D♭ minor,4,3XLSlQLJf3Ut0zvMUxnF1h,"Young Money/Cash Money Records",USCM51900159,yes
135,"Successful (feat. Trey Songz & Lil Wayne)","Drake, Trey Songz, Lil Wayne",160,4B,54,2026-08-10,06:15,64,"rap, r&b, hip hop","Hip Hop, R&B","So Far Gone",2009-00-00,56,54,0,23,30,10,-5,G#/A♭,4,6NwhtCYkfwWlcR62Ac4E7y,"Young Money/Cash Money Records",USCM51900150,yes
136,"Let’s Call It Off (feat. Peter Bjorn and John)","Drake, Peter Bjorn and John",127,8A,73,2026-08-10,03:54,64,"rap, indie","Pop, Rock, Hip Hop","So Far Gone",2009-00-00,79,0,29,94,0,10,-5,A minor,4,4FDSPGncHRpr6yB8DD4CtI,"Young Money/Cash Money Records",USCM51900152,yes
137,"November 18th","Drake",72,10A,48,2026-08-10,03:08,62,"rap","Hip Hop","So Far Gone",2009-00-00,75,58,0,53,50,10,-11,B minor,4,0JaVdpmiex2EP7bBzyKVTa,"Young Money/Cash Money Records",USCM51900155,yes
138,"Ignant Shit (feat. Lil Wayne)","Drake, Lil Wayne",95,9B,85,2026-08-10,05:02,58,"rap, hip hop","Hip Hop","So Far Gone",2009-00-00,59,19,0,12,20,40,-4,G,4,2hcohLIysMxofYziluXCoX,"Young Money/Cash Money Records",USCM51900156,yes
139,"A Night Off (feat. Lloyd)","Drake, Lloyd",104,10A,51,2026-08-10,03:13,63,"rap, r&b","R&B, Hip Hop","So Far Gone",2009-00-00,61,37,0,37,0,10,-6,B minor,4,3lkkkYc1wBj5l3FVlpqvP6,"Young Money/Cash Money Records",USCM51900157,yes
140,"Say What's Real","Drake",86,4B,77,2026-08-10,03:50,58,"rap","Hip Hop","So Far Gone",2009-00-00,46,63,0,46,20,20,-5,G#/A♭,4,7mPoCVGP752A5DtHf1SKkM,"Young Money/Cash Money Records",USCM51900158,yes
141,"Sooner Than Later","Drake",95,4A,50,2026-08-10,04:22,61,"rap","Hip Hop","So Far Gone",2009-00-00,62,18,0,51,20,10,-6,F minor,4,43iKgGbmfqPLh3mxUlospI,"Young Money/Cash Money Records",USCM51900147,yes
142,"The Calm","Drake",161,10A,78,2026-08-10,04:03,56,"rap","Hip Hop","So Far Gone",2009-00-00,47,82,0,26,80,10,-8,B minor,4,6MlGqWzDiLkZ0vmAEsisEk,"Young Money/Cash Money Records",USCM51900149,yes
143,"Brand New","Drake",95,2B,49,2026-08-10,03:33,61,"rap","Hip Hop","So Far Gone",2009-00-00,40,63,0,36,0,10,-9,F#/G♭,3,4XTXamS1g4g93jPxyuFJJ6,"Young Money/Cash Money Records",USCM51900153,yes
144,"Congratulations","Drake",87,2B,86,2026-08-10,05:32,53,"rap","Hip Hop","So Far Gone",2009-00-00,33,2,0,13,10,20,-2,F#/G♭,5,3SnXwQUrvSacFziUYXTNKY,"Young Money/Cash Money Records",USCM51900154,yes
145,"Free Smoke","Drake",142,3A,49,2026-08-10,03:38,64,"rap","Hip Hop","More Life",2017-03-18,74,7,0,20,40,50,-7,A#/B♭ minor,4,05KOgYg8PGeJyyWBPi5ja8,"Cash Money Records/Young Money Ent./Universal Rec.",USCM51700056,yes
146,"MELTDOWN (feat. Drake)","Travis Scott, Drake",112,6A,77,2026-08-10,04:06,76,"rap","Hip Hop","UTOPIA",2023-07-28,56,1,0,40,30,40,-5,G minor,4,67nepsnrcZkowTxMWigSbb,"Cactus Jack/Epic",USSM12305021,yes
147,"Cabaret (feat. Drake)","Justin Timberlake, Drake",120,4B,74,2026-08-10,04:32,45,"dance pop, pop, rap","Electronic, Pop, Hip Hop","The 20/20 Experience - 2 of 2 (Deluxe)",2013-09-27,69,11,0,33,0,20,-5,G#/A♭,4,4FcvYEVtmB0UuIPbdzwqsH,"RCA Records Label",USRC11301017,yes
148,"Summer Sixteen","Drake",146,3B,46,2026-08-10,03:22,58,"rap","Hip Hop","Summer Sixteen",2016-02-05,59,0,0,5,30,10,-8,C♯/D♭,4,17Q87zeXgsAi9iQQbMu9v0,"Cash Money Records/Young Money Ent./Universal Rec.",USCM51600001,yes
149,"Back on Road","Gucci Mane, Drake",148,12A,67,2026-08-10,02:29,55,"southern hip hop, rap, trap","Hip Hop","Everybody Looking",2016-07-22,83,33,0,75,30,10,-7,C♯/D♭ minor,4,39liuGHPxn2sAyvO6DINor,"Guwop Enterprises/Atlantic",USAT21601831,yes
150,"U With Me?","Drake",175,10B,43,2026-08-10,04:57,69,"rap","Hip Hop","Views",2016-05-06,43,34,0,13,10,10,-11,D,4,03L2AoiRbWhvt7BDMx1jUB,"Cash Money Records/Young Money Ent./Universal Rec.",USCM51600065,yes
151,"Feel No Ways","Drake",194,9B,68,2026-08-10,04:00,79,"rap","Hip Hop","Views",2016-05-06,58,3,0,21,10,10,-7,G,4,3cjF2OFRmip8spwZYQRKxP,"Cash Money Records/Young Money Ent./Universal Rec.",USCM51600067,yes
152,"Hype","Drake",130,9A,64,2026-08-10,03:29,62,"rap","Hip Hop","Views",2016-05-06,79,3,0,24,10,30,-8,E minor,4,5NFYuqu8V6QXc6mzcLImd6,"Cash Money Records/Young Money Ent./Universal Rec.",USCM51600069,yes
153,"Weston Road Flows","Drake",83,3B,74,2026-08-10,04:13,69,"rap","Hip Hop","Views",2016-05-06,62,6,0,35,30,30,-7,C♯/D♭,4,4PA16FAl8LPmFmOhARawdV,"Cash Money Records/Young Money Ent./Universal Rec.",USCM51600070,yes
154,"Redemption","Drake",120,8B,31,2026-08-10,05:33,71,"rap","Hip Hop","Views",2016-05-06,69,61,0,34,10,10,-8,C,4,4cRBqWBjuccCowYVHFlXK6,"Cash Money Records/Young Money Ent./Universal Rec.",USCM51600072,yes
155,"With You","Drake, PARTYNEXTDOOR",128,3B,41,2026-08-10,03:15,65,"rap, dark r&b, r&b, trap soul","R&B, Hip Hop","Views",2016-05-06,88,13,0,78,20,10,-10,C♯/D♭,4,3aJkV6DUTSCqOwVwaBDG9B,"Cash Money Records/Young Money Ent./Universal Rec.",USCM51600074,yes
156,"Still Here","Drake",134,8B,43,2026-08-10,03:09,67,"rap","Hip Hop","Views",2016-05-06,83,3,0,23,10,60,-10,C,3,433P7tDcIAi6NLnf4Sh6tI,"Cash Money Records/Young Money Ent./Universal Rec.",USCM51600078,yes
157,"Grammys","Drake, Future",146,3B,43,2026-08-10,03:40,62,"rap, trap","Hip Hop","Views",2016-05-06,68,0,0,12,50,0,-10,C♯/D♭,4,5e574bhjycX1eH2l4Auage,"Cash Money Records/Young Money Ent./Universal Rec.",USCM51600082,yes
158,"Life Is Good (feat. Drake, DaBaby & Lil Baby) - Remix","Future, DaBaby, Drake, Lil Baby",142,7B,57,2026-08-10,05:15,54,"rap, trap, hip hop, north carolina hip hop, pop rap, atl hip hop, atl trap","Hip Hop, Pop","Life Is Good (feat. Drake, DaBaby & Lil Baby) [Remix]",2020-02-15,81,11,0,58,40,10,-8,F,4,4iiWcajF1fEUpwcUewc464,"Epic/Freebandz",USSM12001024,yes
159,"Life Is Good (feat. Drake)","Future, Drake",142,7A,57,2026-08-10,03:57,79,"rap, trap","Hip Hop","High Off Life",2020-05-15,80,7,0,54,40,10,-7,D minor,4,1K5KBOgreBi5fkEHvg5ap3,"Epic/Freebandz",USSM11914962,yes
160,"Can I","Drake",85,9A,18,2026-08-10,03:09,70,"rap","Hip Hop","Care Package",2019-08-02,64,48,1,7,0,10,-9,E minor,4,3e0ZGE7Gp034iLknjQk4QW,"OVO",USUG11902759,yes
161,"Push Ups","Drake",91,10B,70,2026-08-10,03:52,73,"rap","Hip Hop","Push Ups",2024-04-19,60,2,0,21,10,20,-5,D,4,3eh51r6rFWAlGQRlHx9QnQ,"OVO/Republic",USUG12402283,yes
162,"Under Ground Kings","Drake",156,4B,71,2026-08-10,03:32,69,"rap","Hip Hop","Take Care (Deluxe)",2011-11-15,49,0,0,40,20,20,-7,G#/A♭,4,1D9XLqQp2YYiOxrr5KLb8K,"Cash Money Records/Young Money Ent./Universal Rec.",USCM51100554,yes
163,"Show Me A Good Time","Drake",128,11A,73,2026-08-10,03:30,64,"rap","Hip Hop","Thank Me Later",2010-01-01,67,4,0,70,10,10,-6,F#/G♭ minor,4,7v0hKO3RYhEXt2EPXf4AOS,"Aspire Music Group, LLC",USCM51000254,yes
164,"5 Am in Toronto","Drake",87,10A,88,2026-08-10,03:25,63,"rap","Hip Hop","Care Package",2019-08-02,56,7,0,39,20,0,-4,B minor,4,0FnxK9FEAQyPJ284QcieNb,"OVO",USUG11902750,yes
165,"Jaded","Drake",116,8B,27,2026-08-10,04:22,75,"rap","Hip Hop","Scorpion",2018-06-29,76,4,0,4,0,10,-6,C,4,4c2xt1trwYZpMqPWY35Xi9,"Cash Money/Drake LP6",USCM51800227,yes
166,"The Remorse","Drake",75,8B,53,2026-08-10,05:51,63,"rap","Hip Hop","Certified Lover Boy",2021-09-03,47,81,0,64,20,20,-9,C,3,1cCXT1cErAY6tmIqHbodrt,"OVO",USUG12104415,yes
167,"Draft Day","Drake",166,4B,81,2026-08-10,04:26,58,"rap","Hip Hop","Care Package",2019-08-02,67,3,0,56,30,10,-4,G#/A♭,4,3W3FVHEDetkiRkkGKDmdir,"OVO",USUG11902748,yes
168,"6PM In New York","Drake",128,7B,85,2026-08-10,04:43,65,"rap","Hip Hop","If You're Reading This It's Too Late",2015-02-12,55,11,0,38,20,10,-4,F,3,5mZJwWdxAOR4xUvSGZvvMU,"Cash Money Records/Young Money Ent./Universal Rec.",USCM51500039,yes
169,"The Ride","Drake",156,5A,70,2026-08-10,05:51,71,"rap","Hip Hop","Take Care (Deluxe)",2011-11-15,56,52,0,79,20,30,-10,C minor,4,4xRxYWgAtL6pzRz94GlZlA,"Cash Money Records/Young Money Ent./Universal Rec.",USCM51100574,yes
170,"Days in The East","Drake",95,3B,36,2026-08-10,05:53,64,"rap","Hip Hop","Care Package",2019-08-02,73,35,0,4,10,0,-11,C♯/D♭,4,4czcw3NVLY0of5hTD7OufN,"OVO",USUG11902747,yes
171,"Shot For Me","Drake",143,10B,47,2026-08-10,03:44,78,"rap","Hip Hop","Take Care (Deluxe)",2011-11-15,57,6,0,18,20,50,-12,D,4,6Z01gUquJsjJC67uNWm6P0,"Cash Money Records/Young Money Ent./Universal Rec.",USCM51100545,yes
172,"Crew Love","Drake, The Weeknd",160,5A,55,2026-08-10,03:28,75,"rap, canadian contemporary r&b, canadian pop, pop","R&B, Pop, Hip Hop","Take Care (Deluxe)",2011-11-15,42,23,0,29,20,20,-9,C minor,4,0V4l4GQhgnWQGtCWpvA7va,"Cash Money Records/Young Money Ent./Universal Rec.",USCM51100546,yes
173,"Over My Dead Body","Drake",186,3B,57,2026-08-10,04:32,80,"rap","Hip Hop","Take Care (Deluxe)",2011-11-15,49,76,0,58,30,10,-10,C♯/D♭,4,2Gnsof1hvZzjE1xdLRpjtf,"Cash Money Records/Young Money Ent./Universal Rec.",USCM51100544,yes
174,"We'll Be Fine","Drake, Birdman",193,12A,49,2026-08-10,04:07,65,"rap, southern hip hop","Hip Hop","Take Care (Deluxe)",2011-11-15,39,0,0,22,40,60,-7,C♯/D♭ minor,4,7udsBKuqnJ5csWTAkR0vEI,"Cash Money Records/Young Money Ent./Universal Rec.",USCM51100556,yes
175,"Make Me Proud","Drake, Nicki Minaj",132,3B,49,2026-08-10,03:39,71,"rap, hip pop, pop, queens hip hop","Hip Hop, Pop","Take Care (Deluxe)",2011-11-15,68,0,0,36,10,10,-10,C♯/D♭,4,7yfg0Eer6UZZt5tZ1XdsWz,"Cash Money Records/Young Money Ent./Universal Rec.",USCM51100505,yes
176,"Lord Knows","Drake, Rick Ross",168,4A,89,2026-08-10,05:07,69,"rap, southern hip hop","Hip Hop","Take Care (Deluxe)",2011-11-15,42,8,0,30,30,80,-6,F minor,4,1QBwk6GTCxVdC2hoSw9tlM,"Cash Money Records/Young Money Ent./Universal Rec.",USCM51100558,yes
177,"The Real Her","Drake, Lil Wayne, André 3000",65,4B,31,2026-08-10,05:21,67,"rap, hip hop, ambient jazz","Easy Listening, Jazz, Hip Hop","Take Care (Deluxe)",2011-11-15,57,17,0,51,30,10,-14,G#/A♭,4,74atKkOasLOVzvqB6mYgga,"Cash Money Records/Young Money Ent./Universal Rec.",USCM51100566,yes
178,"SOMEBODY LOVES ME PT. 2","PARTYNEXTDOOR, Drake, Cash Cobain",124,2A,64,2026-08-10,03:01,70,"dark r&b, r&b, trap soul, rap, sexy drill, jersey club","R&B, Electronic, Hip Hop","SOMEBODY LOVES ME PT. 2",2025-09-05,59,71,0,71,10,0,-6,D#/E♭ minor,5,2aTf0R0TQCJJKcb0ipszD2,"OVO Sound",USLD91782809,yes
179,"Won't Be Late (feat. Drake)","Swae Lee, Drake",124,6A,59,2026-08-10,03:38,69,"melodic rap, rap, trap","Hip Hop","Won't Be Late (feat. Drake)",2019-08-16,92,8,0,33,0,10,-6,G minor,4,2sqsNXfN0HtgDEgaHXiUTa,"Eardruma Records/Interscope Records",USUM71916703,no
180,"Two Birds, One Stone","Drake",88,4B,84,2026-08-10,03:58,61,"rap","Hip Hop","Two Birds, One Stone",2016-10-28,53,34,0,36,20,10,-3,G#/A♭,4,3m62bJJXGyQKdR9XyRocnl,"Cash Money Records/Young Money Ent./Universal Rec.",USCM51600336,yes
181,"Omertà","Drake",164,2B,90,2026-08-10,03:39,58,"rap","Hip Hop","The Best In The World Pack",2019-06-15,65,3,0,69,30,20,-2,F#/G♭,4,3kCwyvhvVTyehIzYN2I0nF,"Republic Records",USCM51900312,yes
182,"How Bout Now","Drake",122,3B,40,2026-08-10,03:55,67,"rap","Hip Hop","Care Package",2019-08-02,79,21,0,47,20,20,-8,C♯/D♭,4,4n4BflhWjCHIxrI4v7Xt9s,"OVO",USUG11902745,yes
183,"10 Bands","Drake",173,10A,76,2026-08-10,02:57,64,"rap","Hip Hop","If You're Reading This It's Too Late",2015-02-12,83,27,0,89,30,0,-4,B minor,4,12d5QFwzh60IIHlsSnAvps,"Cash Money Records/Young Money Ent./Universal Rec.",USCM51500014,yes
184,"Wednesday Night Interlude","Drake, PARTYNEXTDOOR",135,8A,47,2026-08-10,03:32,65,"rap, dark r&b, r&b, trap soul","R&B, Hip Hop","If You're Reading This It's Too Late",2015-02-12,31,73,0,20,0,20,-8,A minor,4,6oLHyWvmk6bKrA91EIYZBp,"Cash Money Records/Young Money Ent./Universal Rec.",USCM51500041,yes
185,"You & The 6","Drake",154,6A,48,2026-08-10,04:24,64,"rap","Hip Hop","If You're Reading This It's Too Late",2015-02-12,55,17,0,22,20,10,-7,G minor,4,2YaDRtIlQiZ5WDDB2YuEOC,"Cash Money Records/Young Money Ent./Universal Rec.",USCM51500035,yes
186,"Company","Drake, Travis Scott",108,9B,55,2026-08-10,04:12,65,"rap","Hip Hop","If You're Reading This It's Too Late",2015-02-12,65,4,0,12,0,10,-8,G,4,6ImxYXeLDQPIv4qo7bMhSk,"Cash Money Records/Young Money Ent./Universal Rec.",USCM51500033,yes
187,"Jorja Interlude","Drake",123,1B,37,2026-08-10,01:47,64,"rap","Hip Hop","More Life",2017-03-18,74,76,0,24,10,20,-10,B,4,13e6f8t7RKXuxZ0JdaaJRG,"Cash Money Records/Young Money Ent./Universal Rec.",USCM51700082,yes
188,"Get It Together","Drake, Black Coffee, Jorja Smith",123,4A,72,2026-08-10,04:10,78,"rap, afro house, afro tech, house, uk r&b","Electronic, Hip Hop, R&B","More Life",2017-03-18,78,9,39,85,0,10,-9,F minor,4,7y6c07pgjZvtHI9kuMVqk1,"Cash Money Records/Young Money Ent./Universal Rec.",USCM51700045,yes
189,"Madiba Riddim","Drake",106,9B,52,2026-08-10,03:25,66,"rap","Hip Hop","More Life",2017-03-18,84,25,1,33,10,60,-10,G,4,76gUmNLXGQVOsGhfcshkFP,"Cash Money Records/Young Money Ent./Universal Rec.",USCM51700053,no
190,"Blem","Drake",98,6A,54,2026-08-10,03:36,66,"rap","Hip Hop","More Life",2017-03-18,73,5,0,38,0,10,-8,G minor,4,2XlHu0HcujBCkWMdIAvrqt,"Cash Money Records/Young Money Ent./Universal Rec.",USCM51700057,no
191,"4422","Drake, Sampha",112,10A,23,2026-08-10,03:06,67,"rap, indie soul","R&B, Hip Hop","More Life",2017-03-18,61,56,4,19,0,10,-12,B minor,4,2fkeWbM6iqTw7oGHTYm2lw,"Cash Money Records/Young Money Ent./Universal Rec.",USCM51700060,no
192,"Nothings Into Somethings","Drake",97,10A,23,2026-08-10,02:33,68,"rap","Hip Hop","More Life",2017-03-18,77,33,0,26,10,30,-8,B minor,4,6MbH1QiphMCPTqVEVC7UYi,"Cash Money Records/Young Money Ent./Universal Rec.",USCM51700074,no
193,"Lose You","Drake",90,12B,58,2026-08-10,05:05,68,"rap","Hip Hop","More Life",2017-03-18,53,70,0,38,30,30,-9,E,4,2Na0z2gfN67Rzf0vp74Wi3,"Cash Money Records/Young Money Ent./Universal Rec.",USCM51700071,yes
194,"SOMEBODY LOVES ME","PARTYNEXTDOOR, Drake",77,11B,51,2026-08-10,03:02,80,"dark r&b, r&b, trap soul, rap","R&B, Hip Hop","$ome $exy $ongs 4 U",2025-02-14,37,51,0,22,0,70,-6,A,3,2kZoOj1n5vk9BuF0sih58M,"OVO Sound",USLD91772034,yes
195,"RAINING IN HOUSTON","Drake",119,6A,53,2026-08-10,04:04,68,"rap","Hip Hop","$ome $exy $ongs 4 U",2025-02-14,47,79,0,44,0,10,-6,G minor,4,2xxb5zW09uwbgyLprALi9E,"OVO Sound",USLD91772029,yes
196,"Needle (feat. Drake)","Nicki Minaj, Drake",110,9B,59,2026-08-10,03:55,66,"hip pop, pop, queens hip hop, rap","Hip Hop, Pop","Pink Friday 2",2023-12-08,81,27,0,35,10,10,-7,G,4,4I4G0LD277PWvfblYtSf91,"Republic Records",USUM72318690,yes
197,"Sandra’s Rose","Drake",152,3B,85,2026-08-10,03:36,68,"rap","Hip Hop","Scorpion",2018-06-29,49,5,0,52,20,10,-5,C♯/D♭,4,6cblRiEGDRNZgowcm951R3,"Cash Money/Drake LP6",USCM51800218,yes
198,"Views","Drake",76,7B,85,2026-08-10,05:11,66,"rap","Hip Hop","Views",2016-05-06,40,7,0,11,30,20,-6,F,4,7MjSipTto9QljYzZnloXOn,"Cash Money Records/Young Money Ent./Universal Rec.",USCM51600094,yes
199,"Tuscan Leather","Drake",78,2B,68,2026-08-10,06:06,64,"rap","Hip Hop","Nothing Was The Same (Deluxe)",2013-01-01,43,11,0,30,40,20,-5,F#/G♭,4,69gz9onZQNVw55cMQsaYii,"Cash Money Records/Young Money Ent./Universal Rec.",USCM51300734,yes
200,"GLORIOUS","PARTYNEXTDOOR, Drake",152,9B,55,2026-08-10,03:25,59,"dark r&b, r&b, trap soul, rap","R&B, Hip Hop","$ome $exy $ongs 4 U",2025-02-14,56,15,0,51,30,10,-9,G,4,1mKNJs35ede94bTPWveVOo,"OVO Sound",USLD91772037,yes
201,"7am On Bridle Path","Drake",90,4A,53,2026-08-10,03:59,64,"rap","Hip Hop","Certified Lover Boy",2021-09-03,72,23,0,14,30,10,-4,F minor,4,42m3eP1JJhtzffal9B136J,"OVO",USUG12104410,yes
202,"Stories About My Brother","Drake",87,1A,84,2026-08-10,04:24,66,"rap","Hip Hop","For All The Dogs Scary Hours Edition",2023-11-17,65,57,0,85,10,20,-4,G#/A♭ minor,4,0ZB5pdrM1leH58IgokDPZM,"OVO/Republic",USUG12306114,yes
203,"Talk To Me","Drakeo the Ruler, Drake",102,3B,28,2026-08-10,03:47,65,"cali rap, west coast hip hop, rap","Hip Hop","The Truth Hurts",2021-02-24,77,24,0,47,10,10,-10,C♯/D♭,4,3Kwdm0iLyEiRB8InsZoo6n,"Stinc Team",QZDA42108258,yes
204,"Fireworks","Drake, Alicia Keys",89,8B,76,2026-08-10,05:13,73,"rap, r&b, neo soul","R&B, Hip Hop","Thank Me Later",2010-01-01,55,43,0,53,30,10,-6,C,4,73tgFzBug5Ifk1Retdtwk7,"Aspire Music Group, LLC",USCM51000251,yes
205,"Karaoke","Drake",151,8B,65,2026-08-10,03:47,59,"rap","Hip Hop","Thank Me Later",2010-01-01,76,1,3,95,10,0,-7,C,4,5bDEA48Dxyxoc3K4Dt7yRE,"Aspire Music Group, LLC",USCM51000252,no
206,"The Resistance","Drake",83,8B,74,2026-08-10,03:45,74,"rap","Hip Hop","Thank Me Later",2010-01-01,55,82,0,64,10,10,-8,C,4,0llA0pYA6GpGk7fTjew0wO,"Aspire Music Group, LLC",USCM51000253,yes
207,"Over","Drake",100,9B,85,2026-08-10,03:53,74,"rap","Hip Hop","Thank Me Later",2010-01-01,35,1,0,45,20,10,-6,G,5,6BdgtqiV3oXNqBikezwdvC,"Aspire Music Group, LLC",USCM51000100,yes
208,"Up All Night","Drake, Nicki Minaj",156,9B,81,2026-08-10,03:54,70,"rap, hip pop, pop, queens hip hop","Hip Hop, Pop","Thank Me Later",2010-01-01,61,1,0,28,20,30,-5,G,4,75L0qdzRnhwV62UXoNq3pE,"Aspire Music Group, LLC",USCM51000255,yes
209,"Shut It Down","Drake, THE-DREAM",120,8A,43,2026-08-10,06:59,76,"rap, r&b","R&B, Hip Hop","Thank Me Later",2010-01-01,59,41,0,40,0,10,-9,A minor,4,3d8PDk3B4am5c6TsUCznUW,"Aspire Music Group, LLC",USCM51000257,yes
210,"Unforgettable","Drake, Jeezy",156,9A,87,2026-08-10,03:33,69,"rap, southern hip hop, crunk, gangster rap","Hip Hop","Thank Me Later",2010-01-01,55,10,0,7,10,10,-5,E minor,4,5LZ0ZCRXrklIpnzn4Tcyde,"Aspire Music Group, LLC",USCM51000258,yes
211,"Light Up","Drake, JAŸ-Z",173,4B,91,2026-08-10,04:34,55,"rap, hip hop, east coast hip hop","Hip Hop","Thank Me Later",2010-01-01,47,9,0,20,40,10,-6,G#/A♭,4,0PWQqF5PvqRq0OPLSH0FKI,"Aspire Music Group, LLC",USCM51000250,yes
212,"Cece's Interlude","Drake",95,8A,60,2026-08-10,02:34,68,"rap","Hip Hop","Thank Me Later",2010-01-01,47,5,0,23,0,10,-7,A minor,4,2G7QCDuRM7rTj0pX21e0xk,"Aspire Music Group, LLC",USCM51000259,no
213,"Find Your Love","Drake",96,11A,61,2026-08-10,03:28,73,"rap","Hip Hop","Thank Me Later",2010-01-01,63,2,0,76,10,0,-6,F#/G♭ minor,4,4BycRneKmOs6MhYG9THsuX,"Aspire Music Group, LLC",USCM51000166,no
214,"Thank Me Now","Drake",71,4B,77,2026-08-10,05:28,55,"rap","Hip Hop","Thank Me Later",2010-01-01,50,28,0,75,40,10,-5,G#/A♭,4,3cBUv0RIoEyAm2b7qimEY6,"Aspire Music Group, LLC",USCM51000260,yes
215,"Take Care","Drake, Rihanna",122,5A,52,2026-08-10,04:37,81,"rap, barbadian pop, pop, urban contemporary","Pop, Hip Hop, R&B","Take Care (Deluxe)",2011-11-15,63,3,0,30,20,0,-10,C minor,4,124NFj84ppZ5pAxTuVQYCQ,"Cash Money Records/Young Money Ent./Universal Rec.",USCM51100547,yes
216,"Buried Alive Interlude","Drake, Kendrick Lamar",102,8B,54,2026-08-10,02:30,62,"rap, hip hop, west coast hip hop","Hip Hop","Take Care (Deluxe)",2011-11-15,71,41,0,80,10,50,-13,C,4,1ZyudLFv35SRvY5SvTZqJx,"Cash Money Records/Young Money Ent./Universal Rec.",USCM51100548,yes
217,"Look What You've Done","Drake",134,2A,35,2026-08-10,05:01,75,"rap","Hip Hop","Take Care (Deluxe)",2011-11-15,50,49,0,27,30,10,-15,D#/E♭ minor,4,7t1lBIr3WIEtqQEOdZFMUf,"Cash Money Records/Young Money Ent./Universal Rec.",USCM51100568,yes
218,"Practice","Drake",105,3B,24,2026-08-10,03:57,80,"rap","Hip Hop","Take Care (Deluxe)",2011-11-15,45,57,0,31,0,10,-15,C♯/D♭,4,0jF2AdhsalO1L7KkhK4LE5,"Cash Money Records/Young Money Ent./Universal Rec.",USCM51100572,yes
219,"Furthest Thing","Drake",137,8A,78,2026-08-10,04:27,63,"rap","Hip Hop","Nothing Was The Same (Deluxe)",2013-01-01,49,15,0,27,10,0,-5,A minor,4,6s64FyS9n0XYbGMLH3LOWU,"Cash Money Records/Young Money Ent./Universal Rec.",USCM51300736,yes
220,"Started From the Bottom","Drake",86,4B,52,2026-08-10,02:54,72,"rap","Hip Hop","Nothing Was The Same (Deluxe)",2013-01-01,79,3,0,56,10,10,-8,G#/A♭,4,3dgQqOiQ9fCKVhNOedd2lf,"Cash Money Records/Young Money Ent./Universal Rec.",USCM51300064,yes
221,"Wu-Tang Forever","Drake",100,12A,43,2026-08-10,03:37,63,"rap","Hip Hop","Nothing Was The Same (Deluxe)",2013-01-01,86,4,0,39,10,10,-8,C♯/D♭ minor,4,1HnhCD1u0c4dHSMazmWGyM,"Cash Money Records/Young Money Ent./Universal Rec.",USCM51300738,yes
222,"Own It","Drake",103,1A,35,2026-08-10,04:12,62,"rap","Hip Hop","Nothing Was The Same (Deluxe)",2013-01-01,65,4,0,30,10,30,-11,G#/A♭ minor,4,3EJ9ZuqkL1kwgouugqsLu8,"Cash Money Records/Young Money Ent./Universal Rec.",USCM51300740,yes
223,"Worst Behavior","Drake",110,11B,78,2026-08-10,04:30,62,"rap","Hip Hop","Nothing Was The Same (Deluxe)",2013-01-01,78,16,0,44,10,20,-6,A,4,3X37NtwadSS0RM20dh2IgP,"Cash Money Records/Young Money Ent./Universal Rec.",USCM51300742,yes
224,"From Time","Drake, Jhené Aiko",94,12A,49,2026-08-10,05:22,75,"rap, r&b","R&B, Hip Hop","Nothing Was The Same (Deluxe)",2013-01-01,74,63,0,44,40,10,-10,C♯/D♭ minor,4,2WC4sK0ryyysQhtDok9Ytr,"Cash Money Records/Young Money Ent./Universal Rec.",USCM51300744,yes
225,"Connect","Drake",75,11A,49,2026-08-10,04:56,60,"rap","Hip Hop","Nothing Was The Same (Deluxe)",2013-01-01,69,41,0,46,10,10,-9,F#/G♭ minor,4,1Sj81sMg37Hd4omn7Ow2qR,"Cash Money Records/Young Money Ent./Universal Rec.",USCM51300746,yes
226,"The Language","Drake",120,9B,66,2026-08-10,03:44,59,"rap","Hip Hop","Nothing Was The Same (Deluxe)",2013-01-01,82,1,0,53,30,0,-8,G,4,5dHpbFmZjWucrol0M7aNGU,"Cash Money Records/Young Money Ent./Universal Rec.",USCM51300748,yes
227,"Too Much","Drake, Sampha",140,2B,56,2026-08-10,04:21,67,"rap, indie soul","R&B, Hip Hop","Nothing Was The Same (Deluxe)",2013-01-01,67,17,0,14,50,10,-6,F#/G♭,4,5LnXWeA9tuWKI2C1H74iiJ,"Cash Money Records/Young Money Ent./Universal Rec.",USCM51300752,yes
228,"Pound Cake / Paris Morton Music 2","Drake, JAŸ-Z",164,10B,76,2026-08-10,07:13,68,"rap, hip hop, east coast hip hop","Hip Hop","Nothing Was The Same (Deluxe)",2013-01-01,52,14,0,27,50,10,-7,D,4,4RI9eX7jNcdaQOJifn7t6z,"Cash Money Records/Young Money Ent./Universal Rec.",USCM51300754,yes
229,"Come Thru","Drake",82,5B,47,2026-08-10,03:56,68,"rap","Hip Hop","Nothing Was The Same (Deluxe)",2013-01-01,47,16,0,40,10,50,-6,D#/E♭,4,5Ggfa9cpkpfp5D6Rg0Yyw1,"Cash Money Records/Young Money Ent./Universal Rec.",USCM51300756,yes
230,"All Me","Drake, 2 Chainz, Big Sean",122,3B,52,2026-08-10,04:31,61,"rap, southern hip hop, detroit hip hop, hip hop, pop rap, r&b, trap","Hip Hop, Pop, R&B","Nothing Was The Same (Deluxe)",2013-01-01,67,7,0,43,40,20,-7,C♯/D♭,4,5ngydCLbzCEdtu8SEOXhPU,"Cash Money Records/Young Money Ent./Universal Rec.",USCM51300758,yes
231,"The Motion","Drake",158,10A,72,2026-08-10,04:01,69,"rap","Hip Hop","Nothing Was The Same (Deluxe)",2013-01-01,68,29,0,56,0,10,-8,B minor,4,3t8pnImpBpOwxdtYBpKvA9,"Cash Money Records/Young Money Ent./Universal Rec.",USCM51300760,yes
232,"Know Yourself","Drake",114,10A,41,2026-08-10,04:35,70,"rap","Hip Hop","If You're Reading This It's Too Late",2015-02-12,72,20,0,18,20,30,-9,B minor,4,5InOp6q2vvx0fShv3bzFLZ,"Cash Money Records/Young Money Ent./Universal Rec.",USUM71502037,yes
233,"No Tellin'","Drake",95,5A,47,2026-08-10,05:10,61,"rap","Hip Hop","If You're Reading This It's Too Late",2015-02-12,82,54,0,62,30,10,-10,C minor,4,2durxb17bXcmQJHSt8JAdO,"Cash Money Records/Young Money Ent./Universal Rec.",USCM51500017,yes
234,"Madonna","Drake",110,10B,49,2026-08-10,02:57,60,"rap","Hip Hop","If You're Reading This It's Too Late",2015-02-12,91,1,0,14,0,30,-9,D,4,4v7SAP4KD96BFLWiCd1vF0,"Cash Money Records/Young Money Ent./Universal Rec.",USCM51500019,yes
235,"6 God","Drake",105,10B,62,2026-08-10,03:00,64,"rap","Hip Hop","If You're Reading This It's Too Late",2015-02-12,87,2,0,50,10,10,-9,D,4,3a8tAZFJxlmBwOtrf5L1oC,"Cash Money Records/Young Money Ent./Universal Rec.",USCM51500021,yes
236,"Star67","Drake",92,5B,39,2026-08-10,04:54,67,"rap","Hip Hop","If You're Reading This It's Too Late",2015-02-12,52,75,0,17,10,20,-8,D#/E♭,4,2mmUoyPxzbxehpfm1TpTRK,"Cash Money Records/Young Money Ent./Universal Rec.",USCM51500023,yes
237,"6 Man","Drake",84,12B,54,2026-08-10,02:47,63,"rap","Hip Hop","If You're Reading This It's Too Late",2015-02-12,57,22,0,33,50,10,-9,E,4,4kdfjhj9xNkYU0R8xlDy8k,"Cash Money Records/Young Money Ent./Universal Rec.",USCM51500029,yes
238,"Now & Forever","Drake",108,2B,48,2026-08-10,04:41,70,"rap","Hip Hop","If You're Reading This It's Too Late",2015-02-12,56,12,0,10,0,10,-7,F#/G♭,4,4zLOwx1yRJXWkHKt1XzF1p,"Cash Money Records/Young Money Ent./Universal Rec.",USCM51500031,yes
239,"Jungle","Drake",100,9B,24,2026-08-10,05:20,78,"rap","Hip Hop","If You're Reading This It's Too Late",2015-02-12,70,62,0,38,0,10,-9,G,4,7JXZq0JgG2zTrSOAgY8VMC,"Cash Money Records/Young Money Ent./Universal Rec.",USCM51500037,yes
240,"Digital Dash","Drake, Future",140,10B,55,2026-08-10,03:51,68,"rap, trap","Hip Hop","What A Time To Be Alive",2015-09-20,88,0,0,28,10,20,-8,D,4,0GR7iJLhj80KD5LkA14ZRn,"Cash Money Records Inc.",USCM51500292,yes
241,"Big Rings","Drake, Future",132,1A,68,2026-08-10,03:37,60,"rap, trap","Hip Hop","What A Time To Be Alive",2015-09-20,78,0,0,27,20,20,-6,G#/A♭ minor,4,7jslhIiELQkgW9IHeYNOWE,"Cash Money Records Inc.",USCM51500293,yes
242,"Live From The Gutter","Drake, Future",166,9B,49,2026-08-10,03:31,62,"rap, trap","Hip Hop","What A Time To Be Alive",2015-09-20,82,4,0,31,40,0,-8,G,4,2uTG00P1DkhB97pdITkl2O,"Cash Money Records Inc.",USCM51500295,yes
243,"Diamonds Dancing","Drake, Future",136,3B,36,2026-08-10,05:14,65,"rap, trap","Hip Hop","What A Time To Be Alive",2015-09-20,51,13,0,17,0,10,-11,C♯/D♭,4,2AGottAzfC8bHzF7kEJ3Wa,"Cash Money Records Inc.",USCM51500294,yes
244,"Scholarships","Drake, Future",109,5A,42,2026-08-10,03:29,64,"rap, trap","Hip Hop","What A Time To Be Alive",2015-09-20,74,10,0,26,20,10,-9,C minor,4,0B5OTb36fzLayn6XQHg5A1,"Cash Money Records Inc.",USCM51500296,yes
245,"Plastic Bag","Drake, Future",171,3B,48,2026-08-10,03:22,61,"rap, trap","Hip Hop","What A Time To Be Alive",2015-09-20,85,1,0,35,30,10,-6,C♯/D♭,3,76kyKtPLsFbQkdQ86QrkF4,"Cash Money Records Inc.",USCM51500297,yes
246,"I'm The Plug","Drake, Future",160,7B,55,2026-08-10,03:00,60,"rap, trap","Hip Hop","What A Time To Be Alive",2015-09-20,83,0,0,25,20,10,-9,F,4,6bqtKURdSWkInAJHDkuaL0,"Cash Money Records Inc.",USCM51500298,yes
247,"30 for 30 Freestyle","Drake",89,9A,62,2026-08-10,04:13,60,"rap","Hip Hop","What A Time To Be Alive",2015-09-20,74,67,0,32,40,10,-9,E minor,4,1DmnEYXa4WfbdhAPwNzgD8,"Cash Money Records Inc.",USCM51500302,yes
248,"Childs Play","Drake",80,3A,48,2026-08-10,04:01,70,"rap","Hip Hop","Views",2016-05-06,75,2,0,29,10,20,-11,A#/B♭ minor,4,3NxAG2ni1lLa8RKL6a0INc,"Cash Money Records/Young Money Ent./Universal Rec.",USCM51600084,yes
249,"Too Good","Drake, Rihanna",118,9B,65,2026-08-10,04:23,77,"rap, barbadian pop, pop, urban contemporary","Pop, Hip Hop, R&B","Views",2016-05-06,79,5,0,40,10,10,-8,G,4,3BtuIIrQlkujKPuWF2B85z,"Cash Money Records/Young Money Ent./Universal Rec.",USCM51600088,yes
250,"Summers Over Interlude","Drake, Majid Jordan",132,9A,26,2026-08-10,01:46,74,"rap, canadian contemporary r&b, canadian hip hop","R&B, Hip Hop","Views",2016-05-06,70,41,0,24,0,10,-9,E minor,3,3ppVO2tyWRRznNmONvt7Se,"Cash Money Records/Young Money Ent./Universal Rec.",USCM51600090,yes
251,"Fire & Desire","Drake",80,12A,25,2026-08-10,03:58,77,"rap","Hip Hop","Views",2016-05-06,72,7,0,28,0,0,-14,C♯/D♭ minor,4,4BhGTc3Cgay2U1QcTS7vQe,"Cash Money Records/Young Money Ent./Universal Rec.",USCM51600092,yes
252,"Sacrifices","Drake, 2 Chainz, Young Thug",139,4B,44,2026-08-10,05:07,61,"rap, southern hip hop, melodic rap, trap","Hip Hop","More Life",2017-03-18,90,4,0,53,40,10,-12,G#/A♭,4,0xl1w2q4VLojeXp4JfazPL,"Cash Money Records/Young Money Ent./Universal Rec.",USCM51700067,yes
253,"Can't Have Everything","Drake",82,3B,57,2026-08-10,03:48,62,"rap","Hip Hop","More Life",2017-03-18,86,1,0,45,30,10,-8,C♯/D♭,4,5f5r2N4Lp9WoULWPH9zp2W,"Cash Money Records/Young Money Ent./Universal Rec.",USCM51700080,yes
254,"Glow","Drake, Kanye West",162,8A,38,2026-08-10,03:26,56,"rap","Hip Hop","More Life",2017-03-18,69,20,0,43,30,70,-9,A minor,4,28irpKCCK9nn9DZSik2zEx,"Cash Money Records/Young Money Ent./Universal Rec.",USCM51700069,yes
255,"Since Way Back","Drake, PARTYNEXTDOOR",153,8B,27,2026-08-10,06:08,66,"rap, dark r&b, r&b, trap soul","R&B, Hip Hop","More Life",2017-03-18,47,35,0,22,10,20,-11,C,4,5JUu0unA8VwhTZ9LkMWUVI,"Cash Money Records/Young Money Ent./Universal Rec.",USCM51700079,no
256,"Fake Love","Drake",134,8A,48,2026-08-10,03:30,72,"rap","Hip Hop","More Life",2017-03-18,93,11,0,61,20,10,-9,A minor,4,343YBumqHu19cGoGARUTsd,"Cash Money Records/Young Money Ent./Universal Rec.",USCM51700084,yes
257,"Ice Melts","Drake, Young Thug",125,11A,55,2026-08-10,04:10,61,"rap, melodic rap, trap","Hip Hop","More Life",2017-03-18,81,8,0,60,30,30,-8,F#/G♭ minor,4,7bJ4mu7MHa3rHiNyKjOoSl,"Cash Money Records/Young Money Ent./Universal Rec.",USCM51700085,yes
258,"Survival","Drake",77,8A,60,2026-08-10,02:16,62,"rap","Hip Hop","Scorpion",2018-06-29,56,13,0,14,30,10,-9,A minor,4,2yg9UN4eo5eMVJ7OB4RWj3,"Cash Money/Drake LP6",USCM51800189,yes
259,"Don’t Matter To Me (with Michael Jackson)","Drake, Michael Jackson",103,6B,32,2026-08-10,04:05,78,"rap, r&b, soul","R&B, Hip Hop, Blues","Scorpion",2018-06-29,82,49,1,14,0,10,-12,A#/B♭,4,6G8kHiVZ1jW7vHMPVRNZU0,"Cash Money/Drake LP6",USCM51800208,no
260,"After Dark (feat. Static Major & Ty Dolla $ign)","Drake, Static Major, Ty Dolla $ign",142,10B,43,2026-08-10,04:49,60,"rap, trap soul","Hip Hop, R&B","Scorpion",2018-06-29,69,4,0,34,10,10,-13,D,4,3mvYQKm8h6M5K5h0nVPY9S,"Cash Money/Drake LP6",USCM51800213,yes
261,"Summer Games","Drake",136,3B,48,2026-08-10,04:07,70,"rap","Hip Hop","Scorpion",2018-06-29,78,48,5,13,0,10,-11,C♯/D♭,4,4HG1YiGBseVKzjyKcmAJen,"Cash Money/Drake LP6",USCM51800224,no
262,"Peak","Drake",92,8A,22,2026-08-10,03:26,64,"rap","Hip Hop","Scorpion",2018-06-29,69,85,0,27,0,10,-14,A minor,4,11L064movtyopGdLiX4sVg,"Cash Money/Drake LP6",USCM51800220,yes
263,"Elevate","Drake",76,3B,47,2026-08-10,03:04,62,"rap","Hip Hop","Scorpion",2018-06-29,76,2,0,5,10,10,-9,C♯/D♭,4,3szf2z1Cy1QMrtHrbn8rz9,"Cash Money/Drake LP6",USCM51800196,yes
264,"Emotionless","Drake",173,3B,68,2026-08-10,05:02,70,"rap","Hip Hop","Scorpion",2018-06-29,41,2,0,9,20,0,-5,C♯/D♭,4,5Psnhdkyanjpgc2P8A5TSM,"Cash Money/Drake LP6",USCM51800199,yes
265,"I'm Upset","Drake",150,10A,59,2026-08-10,03:34,67,"rap","Hip Hop","Scorpion",2018-06-29,90,28,0,49,30,0,-8,B minor,4,3qN5qMTKyEEmiTZD38BNTT,"Cash Money/Drake LP6",USCM51800121,yes
266,"8 Out Of 10","Drake",171,10B,69,2026-08-10,03:15,65,"rap","Hip Hop","Scorpion",2018-06-29,53,16,0,31,70,50,-8,D,4,0zqy3ss4CwD6u4QPksS0nI,"Cash Money/Drake LP6",USCM51800202,yes
267,"Mob Ties","Drake",86,9A,57,2026-08-10,03:25,69,"rap","Hip Hop","Scorpion",2018-06-29,75,5,0,49,0,20,-8,E minor,4,7rC5Pl8rQSX4myONQHYPBK,"Cash Money/Drake LP6",USCM51800211,yes
268,"Talk Up (feat. Jay-Z)","Drake, JAŸ-Z",140,1B,49,2026-08-10,03:43,58,"rap, hip hop, east coast hip hop","Hip Hop","Scorpion",2018-06-29,76,0,0,33,10,20,-10,B,4,4ksuI04WMvUnJbHQjgs3L5,"Cash Money/Drake LP6",USCM51800232,yes
269,"Is There More","Drake",84,3B,55,2026-08-10,03:46,58,"rap","Hip Hop","Scorpion",2018-06-29,71,73,0,55,30,10,-8,C♯/D♭,4,1Tnw0ItH1Macok8gblnPPd,"Cash Money/Drake LP6",USCM51800209,yes
270,"Nice For What","Drake",93,4B,91,2026-08-10,03:30,81,"rap","Hip Hop","Scorpion",2018-06-29,59,9,0,76,0,10,-6,G#/A♭,4,3CA9pLiwRIGtUBiMjbZmRw,"Cash Money/Drake LP6",USCM51800077,yes
271,"Ratchet Happy Birthday","Drake",168,10B,57,2026-08-10,03:27,54,"rap","Hip Hop","Scorpion",2018-06-29,66,11,0,62,10,0,-13,D,4,4SUwJA3eUVNHExxMPEUhQe,"Cash Money/Drake LP6",USCM51800188,yes
272,"That’s How You Feel","Drake",85,3A,47,2026-08-10,02:37,68,"rap","Hip Hop","Scorpion",2018-06-29,85,12,1,38,20,10,-6,A#/B♭ minor,4,41a7dZcq30Ss5kPMayWRV0,"Cash Money/Drake LP6",USCM51800195,yes
273,"Final Fantasy","Drake",144,8B,45,2026-08-10,03:39,58,"rap","Hip Hop","Scorpion",2018-06-29,50,42,0,10,40,10,-11,C,1,44Du2IM1bGY7dicmLfXbUs,"Cash Money/Drake LP6",USCM51800217,yes
274,"March 14","Drake",127,3A,41,2026-08-10,05:09,56,"rap","Hip Hop","Scorpion",2018-06-29,56,41,0,32,30,30,-7,A#/B♭ minor,4,09lmraDvzBT3pUQ2rUtJzK,"Cash Money/Drake LP6",USCM51800222,yes
275,"Dreams Money Can Buy","Drake",180,2B,59,2026-08-10,04:13,61,"rap","Hip Hop","Care Package",2019-08-02,42,77,0,33,50,10,-7,F#/G♭,4,1qyFlfPREPbRcS2BNszdYI,"OVO",USUG11902743,yes
276,"The Motion","Drake",158,9A,79,2026-08-10,04:00,64,"rap","Hip Hop","Care Package",2019-08-02,63,37,0,54,10,10,-7,E minor,4,0Tacxc5lDJ8LwiO1pWNSl8,"OVO",USUG11902744,yes
277,"Trust Issues","Drake",89,10A,54,2026-08-10,04:41,82,"rap","Hip Hop","Care Package",2019-08-02,42,78,0,52,20,10,-5,B minor,3,4Wjhj0WjkyECccfHVIgaTq,"OVO",USUG11902746,yes
278,"4pm in Calabasas","Drake",192,9A,66,2026-08-10,04:00,59,"rap","Hip Hop","Care Package",2019-08-02,74,12,0,55,40,10,-5,E minor,4,6C9SwoZ5OrxcvkntgA5t8s,"OVO",USUG11902749,yes
279,"I Get Lonely","Drake",81,10A,50,2026-08-10,04:13,73,"rap","Hip Hop","Care Package",2019-08-02,48,71,0,69,0,10,-9,B minor,4,3sMC6vfTTSa0mMAPTwzDVD,"OVO",USUG11902751,no
280,"My Side","Drake",81,11A,50,2026-08-10,04:54,54,"rap","Hip Hop","Care Package",2019-08-02,55,60,0,39,10,10,-6,F#/G♭ minor,4,4alHkxxwAhvoGg3dJCATKV,"OVO",USUG11902752,yes
281,"Jodeci Freestyle (feat. J. Cole)","Drake, J. Cole",88,10B,84,2026-08-10,04:14,59,"rap","Hip Hop","Care Package",2019-08-02,50,1,0,28,20,10,-3,D,4,2xUHiyGeGrWmmfv7NbDTWC,"OVO",USUG11902753,yes
282,"Club Paradise","Drake",184,11A,73,2026-08-10,04:43,74,"rap","Hip Hop","Care Package",2019-08-02,34,76,0,54,10,10,-6,F#/G♭ minor,4,6MR5IBSNfDmiwnrlQpVw4w,"OVO",USUG11902754,yes
283,"Heat Of The Moment","Drake",78,4A,45,2026-08-10,05:43,55,"rap","Hip Hop","Care Package",2019-08-02,64,18,0,30,10,0,-8,F minor,4,27Tqjd2nMW2mIp6Yk1ovwY,"OVO",USUG11902756,yes
284,"Girls Love Beyoncé (feat. James Fauntleroy)","Drake, James Fauntleroy",126,10A,49,2026-08-10,03:45,62,"rap","Hip Hop","Care Package",2019-08-02,62,78,0,33,40,10,-11,B minor,4,56NDFbD0tCUawnqeU2wcvv,"OVO",USUG11902757,yes
285,"Paris Morton Music","Drake",172,3A,49,2026-08-10,04:11,68,"rap","Hip Hop","Care Package",2019-08-02,51,41,0,14,30,10,-9,A#/B♭ minor,4,73IE87H0g2MBmdn41lkVto,"OVO",USUG11902758,yes
286,"Champagne Poetry","Drake",87,11A,67,2026-08-10,05:36,74,"rap","Hip Hop","Certified Lover Boy",2021-09-03,42,76,0,50,30,20,-7,F#/G♭ minor,4,2HSmyk2qMN8WQjuGhaQgCk,"OVO",USUG12104397,yes
287,"Girls Want Girls (with Lil Baby)","Drake, Lil Baby",87,6A,44,2026-08-10,03:41,78,"rap, atl hip hop, atl trap, trap","Hip Hop","Certified Lover Boy",2021-09-03,77,18,0,38,20,10,-9,G minor,4,37Nqx7iavZpotJSDXZWbJ3,"OVO",USUG12104399,yes
288,"In The Bible (with Lil Durk & Giveon)","Drake, Lil Durk, GIVĒON",143,6A,39,2026-08-10,04:56,67,"rap, chicago drill, drill, r&b","Hip Hop, R&B","Certified Lover Boy",2021-09-03,69,61,0,15,30,10,-8,G minor,4,61S79KIVA4I9FXbnsylEHT,"OVO",USUG12104400,yes
289,"Love All (with JAY-Z)","Drake, JAŸ-Z",92,10B,58,2026-08-10,03:48,72,"rap, hip hop, east coast hip hop","Hip Hop","Certified Lover Boy",2021-09-03,73,35,0,16,20,10,-5,D,4,4VCbgIdr8ptegWeJpqLVHH,"OVO",USUG12104401,yes
290,"Pipe Down","Drake",78,11B,69,2026-08-10,03:25,78,"rap","Hip Hop","Certified Lover Boy",2021-09-03,52,13,0,59,10,10,-6,A,4,11pEKMLmavDu8fxOB5QjbQ,"OVO",USUG12104406,yes
291,"Yebba’s Heartbreak","Drake, Yebba",120,1A,16,2026-08-10,02:13,81,"rap, pop soul","Pop, R&B, Hip Hop","Certified Lover Boy",2021-09-03,48,97,4,9,0,10,-12,G#/A♭ minor,4,1PDP7mLiAMwhfmgIwzhOm2,"OVO",USUG12104407,yes
292,"Knife Talk (with 21 Savage ft. Project Pat)","Drake, 21 Savage, Project Pat",146,4A,42,2026-08-10,04:02,77,"rap, atl hip hop, hip hop, southern hip hop, crunk, gangster rap","Hip Hop","Certified Lover Boy",2021-09-03,85,6,0,15,30,0,-10,F minor,4,2BcMwX1MPV6ZHP4tUT9uq6,"OVO",USUG12104409,yes
293,"Race My Mind","Drake",174,6B,64,2026-08-10,04:29,76,"rap","Hip Hop","Certified Lover Boy",2021-09-03,49,18,0,78,20,10,-7,A#/B♭,4,2Q3jFbyE61mCjS3SkW4toJ,"OVO",USUG12104411,yes
294,"Fountains (with Tems)","Drake, Tems",100,3A,49,2026-08-10,03:12,72,"rap, afrobeats, afro r&b, alté, afrobeat","R&B, Traditional Music, Electronic, Hip Hop","Certified Lover Boy",2021-09-03,84,18,7,69,20,10,-9,A#/B♭ minor,4,08XWh5c0BMyD1nKVxxl91z,"OVO",USUG12104412,yes
295,"Get Along Better","Drake, Ty Dolla $ign",178,4B,47,2026-08-10,03:49,73,"rap, trap soul","Hip Hop, R&B","Certified Lover Boy",2021-09-03,32,1,0,34,0,10,-7,G#/A♭,3,5ScbulRnixQ2XAdvrPMFjz,"OVO",USUG12104413,yes
296,"You Only Live Twice (with Lil Wayne & Rick Ross)","Drake, Lil Wayne, Rick Ross",124,9B,85,2026-08-10,03:33,67,"rap, hip hop, southern hip hop","Hip Hop","Certified Lover Boy",2021-09-03,52,12,0,71,20,10,-6,G,5,50ceCGZ3oD3U5caQV5bP6f,"OVO",USUG12104438,yes
297,"F*****g Fans","Drake",87,9A,42,2026-08-10,04:05,70,"rap","Hip Hop","Certified Lover Boy",2021-09-03,78,21,0,17,10,10,-10,E minor,4,3RkNXZvOSMMElmmXztDc94,"OVO",USUG12104414,yes
298,"IMY2 (with Kid Cudi)","Drake, Kid Cudi",150,6A,49,2026-08-10,04:12,67,"rap, hip hop, ohio hip hop, pop rap","Hip Hop, Pop","Certified Lover Boy",2021-09-03,59,40,1,5,0,10,-9,G minor,4,7F9cT6hIRhnFCYP6GKS0tf,"OVO",USUG12104437,yes
299,"Falling Back","Drake",119,6B,76,2026-08-10,04:26,64,"rap","Hip Hop","Honestly, Nevermind",2022-06-17,72,24,1,35,0,10,-8,A#/B♭,4,1vbn9fEyw1IYhqgZJdu9ZB,"OVO",USUG12204881,no
300,"Texts Go Green","Drake",119,8B,63,2026-08-10,05:08,67,"rap","Hip Hop","Honestly, Nevermind",2022-06-17,77,0,20,54,0,0,-5,C,4,4FIgHqXd4KkOwxrGeLDYM2,"OVO",USUG12204882,no
301,"Currents","Drake",122,8B,28,2026-08-10,02:37,63,"rap","Hip Hop","Honestly, Nevermind",2022-06-17,88,10,0,42,10,0,-13,C,4,1eCFz60zd7mAXgWLapPd9B,"OVO",USUG12204883,no
302,"A Keeper","Drake",122,3B,48,2026-08-10,02:53,72,"rap","Hip Hop","Honestly, Nevermind",2022-06-17,60,51,0,32,0,10,-12,C♯/D♭,4,0nAZGkBGKQCXyaoSJfRhC1,"OVO",USUG12204884,yes
303,"Calling My Name","Drake",124,10A,28,2026-08-10,02:09,62,"rap","Hip Hop","Honestly, Nevermind",2022-06-17,83,62,0,48,20,10,-11,B minor,4,7sT7kZEYd1MrmzLLIRVZas,"OVO",USUG12204886,yes
304,"Massive","Drake",125,9A,67,2026-08-10,05:36,74,"rap","Hip Hop","Honestly, Nevermind",2022-06-17,50,11,2,6,0,10,-7,E minor,3,28JBD8p18xNuOfyV7Cotdn,"OVO",USUG12204890,no
305,"Flight's Booked","Drake",123,2A,41,2026-08-10,04:14,74,"rap","Hip Hop","Honestly, Nevermind",2022-06-17,59,89,10,20,0,10,-13,D#/E♭ minor,4,6Yj7Zhxt73uvwFFvzQXdxO,"OVO",USUG12204891,no
306,"Overdrive","Drake",110,7A,65,2026-08-10,03:22,62,"rap","Hip Hop","Honestly, Nevermind",2022-06-17,50,44,1,52,10,10,-11,D minor,4,7hRlTK3mgFTBEjX7DjqBsI,"OVO",USUG12204892,no
307,"Down Hill","Drake",110,5B,32,2026-08-10,04:10,58,"rap","Hip Hop","Honestly, Nevermind",2022-06-17,72,97,0,64,0,0,-11,D#/E♭,4,3N3d4OWbPVxTQVBFqNyykk,"OVO",USUG12204893,no
308,"Tie That Binds","Drake",120,9A,69,2026-08-10,05:36,60,"rap","Hip Hop","Honestly, Nevermind",2022-06-17,78,2,9,28,0,10,-11,E minor,4,1XsRwo2it6QHdV2OiT6IzF,"OVO",USUG12204894,no
309,"I Guess It’s Fuck Me","Drake",82,9A,32,2026-08-10,04:23,67,"rap","Hip Hop","Her Loss",2022-11-04,28,50,0,5,0,20,-12,E minor,4,31bsuKDOzFGzBAoXxtnAJm,"OVO / Republic Records",USUG12208613,yes
310,"Amen (feat. Teezo Touchdown)","Drake, Teezo Touchdown",90,8B,61,2026-08-10,02:21,60,"rap, indie hip hop","Hip Hop, Rock","For All The Dogs",2023-10-06,65,6,0,31,10,20,-8,C,3,0Mrnt1YqVuW2bqmwu4VxDt,"OVO/Republic",USUG12306067,yes
311,"Calling For You (feat. 21 Savage)","Drake, 21 Savage",121,8B,55,2026-08-10,04:45,63,"rap, atl hip hop, hip hop","Hip Hop","For All The Dogs",2023-10-06,57,5,0,10,10,10,-7,C,4,2nibvvDdAQkVraYP00z2RS,"OVO/Republic",USUG12306068,yes
312,"Fear Of Heights","Drake",137,6A,32,2026-08-10,02:35,63,"rap","Hip Hop","For All The Dogs",2023-10-06,70,1,0,7,20,10,-9,G minor,4,53KaP77tkliz36LPxWGlWK,"OVO/Republic",USUG12306069,yes
313,"Daylight","Drake",140,3A,56,2026-08-10,02:44,63,"rap","Hip Hop","For All The Dogs",2023-10-06,57,1,0,7,20,10,-8,A#/B♭ minor,4,4ZT0wGKwlJRjpMUuwZVy3p,"OVO/Republic",USUG12306070,yes
314,"First Person Shooter (feat. J. Cole)","Drake, J. Cole",164,10A,66,2026-08-10,04:07,74,"rap","Hip Hop","For All The Dogs",2023-10-06,48,3,0,25,30,30,-7,B minor,4,7aqfrAY2p9BUSiupwk3svU,"OVO/Republic",USUG12306071,yes
315,"7969 Santa","Drake",141,3A,49,2026-08-10,04:19,64,"rap","Hip Hop","For All The Dogs",2023-10-06,49,55,0,33,0,10,-9,A#/B♭ minor,4,1GpWY5RiInhezB8wGWs6oN,"OVO/Republic",USUG12306073,yes
316,"Slime You Out (feat. SZA)","Drake, SZA",89,4A,41,2026-08-10,05:10,72,"rap, r&b","R&B, Hip Hop","For All The Dogs",2023-10-06,48,51,0,11,0,20,-9,F minor,3,0AYt6NMyyLd0rLuvr0UkMH,"OVO/Republic",USUG12306064,yes
317,"Drew A Picasso","Drake",128,9B,38,2026-08-10,04:22,70,"rap","Hip Hop","For All The Dogs",2023-10-06,71,33,0,15,20,10,-11,G,4,03rwnftfgpYVO6QDWOZcG6,"OVO/Republic",USUG12306078,yes
318,"Members Only (feat. PARTYNEXTDOOR)","Drake, PARTYNEXTDOOR",92,7A,34,2026-08-10,04:37,71,"rap, dark r&b, r&b, trap soul","R&B, Hip Hop","For All The Dogs",2023-10-06,65,25,0,18,0,10,-9,D minor,4,24FUBxaAYSBlWsbSnEzDcn,"OVO/Republic",USUG12306079,yes
319,"What Would Pluto Do","Drake",96,3A,56,2026-08-10,03:02,65,"rap","Hip Hop","For All The Dogs",2023-10-06,83,5,0,47,10,20,-8,A#/B♭ minor,4,1DAibqbopEYULPEtE8WHTE,"OVO/Republic",USUG12306080,yes
320,"8am in Charlotte","Drake",79,12B,68,2026-08-10,04:26,69,"rap","Hip Hop","For All The Dogs",2023-10-06,57,64,0,67,20,50,-6,E,4,0w3Mfe4PIVjuFjJbe3OlYv,"OVO/Republic",USUG12306082,yes
321,"Gently (feat. Bad Bunny)","Drake, Bad Bunny",108,6A,45,2026-08-10,02:13,69,"rap, reggaeton, trap latino, latin, urbano latino","Latin, Hip Hop","For All The Dogs",2023-10-06,87,5,0,24,30,10,-7,G minor,4,6ZprqcYFC6D9eIZaCoqrSn,"OVO/Republic",USUG12306084,yes
322,"Rich Baby Daddy (feat. Sexyy Red & SZA)","Drake, Sexyy Red, SZA",146,10B,73,2026-08-10,05:19,80,"rap, trap queen, r&b","R&B, Hip Hop","For All The Dogs",2023-10-06,64,5,0,14,0,30,-4,D,4,1yeB8MUNeLo9Ek1UEpsyz6,"OVO/Republic",USUG12306085,yes
323,"Away From Home","Drake",93,3B,63,2026-08-10,04:18,67,"rap","Hip Hop","For All The Dogs",2023-10-06,85,2,0,23,0,10,-8,C♯/D♭,4,4IcbUXrAzBtn6iUO1LP471,"OVO/Republic",USUG12306087,yes
324,"Polar Opposites","Drake",77,4A,27,2026-08-10,04:17,67,"rap","Hip Hop","For All The Dogs",2023-10-06,44,9,0,34,0,10,-14,F minor,4,3oZZfVvLJuDYc4Vn3A63Fw,"OVO/Republic",USUG12306088,yes
325,"Red Button","Drake",114,8B,71,2026-08-10,02:40,61,"rap","Hip Hop","For All The Dogs Scary Hours Edition",2023-11-17,46,16,0,39,10,10,-6,C,5,5Mc8XDfGQCMkOEZm9rS1cE,"OVO/Republic",USUG12306112,yes
326,"The Shoe Fits","Drake",74,9A,79,2026-08-10,06:14,61,"rap","Hip Hop","For All The Dogs Scary Hours Edition",2023-11-17,35,29,0,65,30,30,-7,E minor,4,2Mph2Rvl5kVg0MYtfV60wZ,"OVO/Republic",USUG12306116,yes
327,"Wick Man","Drake",86,10B,93,2026-08-10,03:01,57,"rap","Hip Hop","For All The Dogs Scary Hours Edition",2023-11-17,48,35,0,52,40,20,-7,D,4,4ASBfwBwwo7DTT2zq9YSLP,"OVO/Republic",USUG12306118,yes
328,"Evil Ways (feat. J. Cole)","Drake, J. Cole",78,3B,78,2026-08-10,03:47,61,"rap","Hip Hop","For All The Dogs Scary Hours Edition",2023-11-17,56,5,0,25,30,20,-5,C♯/D♭,4,2ut4BOQSqxLpcX5MtPjzYa,"OVO/Republic",USUG12306120,yes
329,"CN TOWER","PARTYNEXTDOOR, Drake",127,2A,41,2026-08-10,04:01,73,"dark r&b, r&b, trap soul, rap","R&B, Hip Hop","$ome $exy $ongs 4 U",2025-02-14,67,32,0,22,10,10,-7,D#/E♭ minor,4,4u43I0LP2Xf85OAS85eG0R,"OVO Sound",USLD91772019,yes
330,"Signs","Drake",107,8B,74,2026-08-10,03:54,72,"rap","Hip Hop","Signs",2017-06-23,79,11,1,22,0,10,-4,C,4,6Na5uKk5SsqZimk0hAWo8y,"Cash Money Records/Young Money Ent./Universal Rec.",USCM51700269,no
331,"Forever","Drake, Kanye West, Lil Wayne, Eminem",104,4A,91,2026-08-10,05:57,73,"rap, hip hop","Hip Hop","Relapse: Refill",2009-05-15,46,25,0,54,30,10,-2,F minor,5,5UsLjwBaTHBX4ektWIr4XX,"Eminem Catalog PS",USUM70920707,yes
332,"She Will","Lil Wayne, Drake",100,4B,84,2026-08-10,05:05,80,"rap, hip hop","Hip Hop","Tha Carter IV (Complete Edition)",2011-08-29,36,0,0,8,10,20,-5,G#/A♭,5,0b4M7hd7mzLTm99MrMeZsp,"CM/Republic",USCM51100309,yes
333,"Live For","The Weeknd, Drake",76,8B,68,2026-08-10,03:42,59,"canadian contemporary r&b, canadian pop, pop, rap","R&B, Pop, Hip Hop","Kiss Land",2013-09-10,62,52,0,23,10,10,-8,C,4,3kgqHVqfiabABjaFi9Tnhn,"CP Records",USUM71310344,yes
334,"MIA (feat. Drake)","Bad Bunny, Drake",97,11A,54,2026-08-10,03:30,72,"reggaeton, trap latino, latin, urbano latino, rap","Latin, Hip Hop","MIA (feat. Drake)",2018-10-11,82,1,0,16,0,10,-6,F#/G♭ minor,4,3Ueq2zboxwAbsvHrOjdEqz,"OVO Sound",USWB11802236,no
335,"Charged Up","Drake",174,11A,70,2026-08-10,03:09,51,"rap","Hip Hop","Charged Up",2015-07-31,46,91,0,38,50,10,-7,F#/G♭ minor,4,4pc01CAhGKx15PY23uPjHp,"Cash Money Records/Young Money Ent./Universal Rec.",USCM51500239,yes
336,"Back To Back","Drake",87,12A,48,2026-08-10,02:50,70,"rap","Hip Hop","Back To Back",2015-07-31,89,1,0,38,30,10,-4,C♯/D♭ minor,4,5lFDtgWsjRJu8fPOAyJIAK,"Cash Money Records/Young Money Ent./Universal Rec.",USCM51500241,yes
337,"My Love (feat. Drake)","Majid Jordan, Drake",119,7A,54,2026-08-10,04:08,56,"canadian contemporary r&b, canadian hip hop, rap","R&B, Hip Hop","Majid Jordan",2016-02-05,62,11,0,13,0,10,-10,D minor,4,5fgTKJ5PTbRLzem1tkfFjx,"OVO Sound",USWB11507566,no
338,"Come and See Me (feat. Drake)","PARTYNEXTDOOR, Drake",85,10B,35,2026-08-10,03:55,67,"dark r&b, r&b, trap soul, rap","R&B, Hip Hop","PARTYNEXTDOOR 3 (P3)",2016-08-12,77,5,0,6,0,0,-10,D,4,6cEguiQecbXrFlsnMi2ysr,"OVO Sound",USWB11600360,yes
339,"For Free (feat. Drake)","DJ Khaled, Drake",104,3A,57,2026-08-10,03:03,57,"hip hop, miami hip hop, pop rap, rap","Hip Hop, Pop","For Free (feat. Drake)",2016-06-17,92,2,0,50,20,10,-8,A#/B♭ minor,4,4JDZl9nKIAhAhDjw753u4X,"Epic/We The Best",USSM11604297,yes
340,"Sneakin’","Drake, 21 Savage",85,4B,56,2026-08-10,04:11,62,"rap, atl hip hop, hip hop","Hip Hop","Sneakin’",2016-10-24,81,0,0,26,10,10,-7,G#/A♭,4,4ckuS4Nj4FZ7i3Def3Br8W,"Cash Money Records/Young Money Ent./Universal Rec.",USCM51600337,yes
341,"Look Alive (feat. Drake)","BlocBoy JB, Drake",140,6B,58,2026-08-10,03:01,63,"memphis hip hop, memphis rap, rap, tennessee hip hop, trap","Hip Hop","Look Alive (feat. Drake)",2018-02-09,92,0,0,60,20,10,-7,A#/B♭,4,7165YDcOpr9yEypbdpU6fa,"OVO Sound",USWB11800211,yes
342,"Behind Barz - Bonus","Drake",142,4B,55,2026-08-10,02:43,61,"rap","Hip Hop","Behind Barz (Bonus)",2019-09-13,85,77,0,27,10,0,-5,G#/A♭,4,621hMmYrgWG3caSFtbZg2p,"OVO Sound",USWB11902213,yes
343,"LOYAL (feat. Drake and Bad Bunny) - Remix","PARTYNEXTDOOR, Drake, Bad Bunny",105,5A,53,2026-08-10,04:41,62,"dark r&b, r&b, trap soul, rap, reggaeton, trap latino, latin, urbano latino","R&B, Latin, Hip Hop","PARTYMOBILE",2020-03-27,88,48,0,42,0,0,-6,C minor,4,1aVut0Tb18c8BOpLGkfAhp,"OVO Sound",USWB12000196,yes
344,"LOYAL (feat. Drake)","PARTYNEXTDOOR, Drake",105,5A,53,2026-08-10,03:17,66,"dark r&b, r&b, trap soul, rap","R&B, Hip Hop","PARTYMOBILE",2020-03-26,87,51,0,20,0,0,-6,C minor,4,2rFqkDRJlumT7QjljlldlR,"OVO Sound",USWB11902978,no
345,"GREECE (feat. Drake)","DJ Khaled, Drake",86,7B,34,2026-08-10,03:39,71,"hip hop, miami hip hop, pop rap, rap","Hip Hop, Pop","KHALED KHALED",2021-04-30,69,8,0,22,0,10,-11,F,4,3gruCKVuhCsRjs3a3dG8CA,"Epic/We The Best",USSM12004502,yes
346,"Only You Freestyle","Headie One, Drake",147,7B,83,2026-08-10,04:08,58,"uk drill, grime, drill, uk grime, rap","Hip Hop, Electronic","Only You Freestyle",2020-07-20,68,56,0,80,20,20,-3,F,4,4OENnoidV0h8gJV6bhrw7r,"Relentless Records",GBARL2000845,yes
347,"TWIST & TURN (feat. Drake & PARTYNEXTDOOR)","Popcaan, Drake, PARTYNEXTDOOR",106,9B,75,2026-08-10,04:19,66,"dancehall, soca, riddim, afrobeats, reggae, ragga, rap, dark r&b, r&b, trap soul","R&B, Traditional Music, Reggae, Hip Hop, Electronic, Latin","FIXTAPE",2020-08-07,57,48,0,64,10,10,-5,G,4,27g5G3TW90FSm3YxclYpAs,"OVO Sound",USWB12002918,no
348,"B.B. King Freestyle (with Drake)","Lil Wayne, Drake",87,1B,55,2026-08-10,03:42,61,"rap, hip hop","Hip Hop","B.B. King Freestyle",2020-11-30,66,46,0,72,40,10,-8,B,4,6EW1fwOk4JHmTZKINZsyjB,"Republic Records",USUG12000438,yes
349,"Lemon Pepper Freestyle (feat. Rick Ross)","Drake, Rick Ross",95,3B,64,2026-08-10,06:23,67,"rap, southern hip hop","Hip Hop","Scary Hours 2",2021-03-05,77,10,0,43,30,10,-6,C♯/D♭,4,4FRW5Nza1Ym91BGV4nFWXI,"OVO",USUG12101043,yes
350,"STAYING ALIVE (feat. Drake & Lil Baby)","DJ Khaled, Drake, Lil Baby",130,9A,50,2026-08-10,02:58,60,"hip hop, miami hip hop, pop rap, rap, atl hip hop, atl trap, trap","Hip Hop, Pop","GOD DID",2022-08-26,68,7,0,15,0,30,-7,E minor,4,7Ddk8FhoYKdsVoX9AOCPMm,"Epic/We The Best",USSM12206682,yes
351,"Who Told You (feat. Drake)","J Hus, Drake",77,10A,73,2026-08-10,03:28,64,"afroswing, grime, uk grime, rap","Hip Hop, R&B, Electronic","Beautiful And Brutal Yard",2023-07-14,71,16,0,88,30,10,-5,B minor,5,6kgaI3kHkqmRimeGQdS4Ga,"Black Butter",GBARL2300716,yes
352,"On The Radar Freestyle","Drake, Central Cee",150,3B,63,2026-08-10,04:35,66,"rap, uk drill, drill, uk grime","Hip Hop","On The Radar Freestyle",2023-07-26,62,11,0,19,20,10,-9,C♯/D♭,4,1L0OmJV0LnPDWuHCIGmBV6,"OVO Sound",USLD91749183,yes
353,"act ii: date @ 8 (feat. Drake) - remix","4batz, Drake",102,8B,55,2026-08-10,03:51,72,"rap","Hip Hop","act ii: date @ 8 (feat. Drake) [remix]",2024-03-08,55,32,0,41,10,0,-9,C,4,3QS9ZCtoSCJhmaJ7QNXSAS,"4batz / OVO Sound",USLD91756695,yes
354,"Circadian Rhythm","Drake",146,12A,57,2026-08-10,02:06,76,"rap","Hip Hop","100 GIGS",2024-08-30,69,19,0,29,0,0,-6,C♯/D♭ minor,4,1eroCliWpJrEu1V7VSObcO,"OVO/Republic",USUG12405324,yes
355,"Housekeeping Knows (feat. Latto)","Drake, Latto",77,11B,73,2026-08-10,03:06,63,"rap, trap queen","Hip Hop","100 GIGS",2024-08-30,78,1,0,34,0,10,-6,A,4,3YPEtDvQWStCH8eCq0Fl8Z,"OVO/Republic",USUG12405320,yes
356,"Who Do You Love?","YG, Drake",193,11B,41,2026-08-10,03:53,73,"hyphy, rap","Hip Hop","My Krazy Life",2014-03-18,68,3,0,16,40,0,-10,A,4,7ngdkrVQPgP3AoIxUrTpHT,"Def Jam Recordings",USUM71400720,yes
357,"R.I.C.O. (feat. Drake)","Meek Mill, Drake",168,3B,60,2026-08-10,03:17,69,"rap","Hip Hop","Dreams Worth More Than Money",2015-06-29,73,32,0,39,30,20,-7,C♯/D♭,3,0Y0TOsE1q11qgbi7c5WZsG,"MMG/Atlantic",USAT21501693,yes
358,"POPSTAR (feat. Drake)","DJ Khaled, Drake",163,4A,56,2026-08-10,03:20,68,"hip hop, miami hip hop, pop rap, rap","Hip Hop, Pop","KHALED KHALED",2021-04-30,80,6,0,47,20,10,-5,F minor,4,1sbEeUY8KsdvgiQi26JBFz,"Epic/We The Best",USSM12004501,yes
359,"Poetic Justice","Kendrick Lamar, Drake",136,11A,57,2026-08-10,05:00,75,"hip hop, west coast hip hop, rap","Hip Hop","good kid, m.A.A.d city (Deluxe)",2012-00-00,78,16,0,64,30,20,-10,F#/G♭ minor,4,2P3SLxeQHPqh8qKB6gtJY2,"Aftermath",USUM71211004,yes
360,"Say Something (Featuring Drake)","Timbaland, Drake",80,1B,71,2026-08-10,04:00,68,"dance pop, pop, pop rap, rap","Electronic, Pop, Hip Hop","Shock Value II",2009-01-01,56,8,0,73,0,70,-5,B,4,7qje9qxLncMESiPeI27SAn,"Timbaland",USUM70904795,yes
361,"Churchill Downs (feat. Drake)","Jack Harlow, Drake",96,1B,52,2026-08-10,05:09,71,"deep underground hip hop, hip hop, kentucky hip hop, pop rap, rap","Hip Hop, Pop","Come Home The Kids Miss You",2022-05-06,71,62,0,37,30,10,-9,B,4,3EMp20j5E42MxfFbsEsIvD,"Generation Now/Atlantic",USAT22203487,yes
362,"Having Our Way (feat. Drake)","Migos, Drake",126,3B,54,2026-08-10,04:38,67,"trap, rap","Hip Hop","Culture III",2021-06-11,93,3,0,22,10,0,-4,C♯/D♭,4,2NM0qHzx4Ohy8iXHEEgwlO,"Quality Control Music/Motown Records",USUG12101672,yes
363,"Outta Time (feat. Drake)","Bryson Tiller, Drake",93,4A,58,2026-08-10,03:18,68,"trap soul, r&b, rap","R&B, Hip Hop","A N N I V E R S A R Y",2020-10-02,71,1,0,34,0,0,-7,F minor,4,4SCnCPOUOUXUmCX2uHb3r7,"TrapSoul/RCA Records",USRC12003234,no
364,"Going Bad (feat. Drake)","Meek Mill, Drake",86,9A,50,2026-08-10,03:00,80,"rap","Hip Hop","Championships",2018-11-30,89,26,0,54,0,20,-6,E minor,4,2IRZnDFmlqMuOrYOLnZZyc,"MMG/Atlantic",USAT21812710,yes
365,"Girls Need Love (with Drake) - Remix","Summer Walker, Drake",97,11A,43,2026-08-10,03:42,80,"r&b, rap","R&B, Hip Hop","Last Day Of Summer",2018-10-19,66,44,0,9,20,10,-9,F#/G♭ minor,4,14SaZBTjxlorHJQxXh01Hu,"LVRN/Interscope Records",USUM71903117,yes
366,"Walk It Talk It","Migos, Drake",146,10B,63,2026-08-10,04:36,77,"trap, rap","Hip Hop","Culture II",2018-01-26,91,9,0,40,10,10,-5,D,4,6n4U3TlzUGhdSFbUUhTvLP,"Quality Control Music, LLC",USUM71800983,yes
367,"Where Ya At (feat. Drake)","Future, Drake",162,3B,45,2026-08-10,03:28,67,"rap, trap","Hip Hop","DS2 (Deluxe)",2015-07-17,81,9,0,19,30,10,-7,C♯/D♭,4,5nN8BwAQDJDguq7Dpd3JQQ,"Epic/Freebandz/A1",USSM11505577,yes
368,"Used to This (feat. Drake)","Future, Drake",165,2A,73,2026-08-10,03:00,60,"rap, trap","Hip Hop","FUTURE",2017-06-30,62,3,0,40,20,20,-7,D#/E♭ minor,4,78sr3ogs4UzITcCNbXM9cM,"Epic/Freebandz/A1",USSM11608607,yes
369,"No Complaints (feat. Offset & Drake) (Bonus)","Metro Boomin, Offset, Drake",124,10B,57,2026-08-10,04:25,69,"rap, atl hip hop, hip hop, pop rap, trap","Hip Hop, Pop","NOT ALL HEROES WEAR CAPES (Deluxe)",2018-11-06,91,7,0,20,10,0,-9,D,4,156LzfvMNKuXuiot4uzhGD,"Republic Records",USUG11700928,yes
370,"Mr. Right Now (feat. Drake)","21 Savage, Metro Boomin, Drake",172,7B,67,2026-08-10,03:13,66,"atl hip hop, hip hop, rap","Hip Hop","SAVAGE MODE II",2020-10-02,65,23,0,70,30,10,-6,F,4,4Q34FP1AT7GEl9oLgNtiWj,"Slaughter Gang, LLC/Epic/Boominati Worldwide/Republic",USSM12005343,yes
371,"WASTING TIME (FEAT. DRAKE & THE NEPTUNES)","Brent Faiyaz, Drake, The Neptunes",89,6A,72,2026-08-10,05:01,61,"r&b, rap","R&B, Hip Hop","WASTELAND",2022-07-08,44,7,0,37,0,0,-4,G minor,4,6N9U1wkWniSXD4TKD4ln0h,"Lost Kids LLC., Marketed by Venice / Stem",QM24S2103302,yes
372,"Over Here (feat. Drake)","PARTYNEXTDOOR, Drake",97,4B,59,2026-08-10,02:57,64,"dark r&b, r&b, trap soul, rap","R&B, Hip Hop","PARTYNEXTDOOR",2013-07-01,80,4,0,18,10,10,-7,G#/A♭,4,43xzI2dp9CTUsmZXjm1voH,"OVO Sound",USWB11302163,yes
373,"Mine (feat. Drake)","Beyoncé, Drake",103,7B,43,2026-08-10,06:18,61,"pop, r&b, rap","Pop, R&B, Hip Hop","BEYONCÉ [Platinum Edition]",2014-11-24,56,7,0,10,10,10,-11,F,4,63FrXif0Pdu4NAPvTh87mw,"Parkwood Entertainment/Columbia",USSM11307806,yes
374,"Recognize (feat. Drake)","PARTYNEXTDOOR, Drake",120,10B,54,2026-08-10,05:11,78,"dark r&b, r&b, trap soul, rap","R&B, Hip Hop","PARTYNEXTDOOR TWO",2014-07-29,64,1,0,17,0,10,-6,D,4,1DMYEiuAgz1OKvANXiNFrN,"OVO Sound",USWB11401866,yes
375,"In The Morning","J. Cole, Drake",83,2A,67,2026-08-10,03:54,72,"rap","Hip Hop","Cole World: The Sideline Story",2011-09-27,44,76,0,48,40,20,-11,D#/E♭ minor,4,4OkiWfrZKmmVoILXk8JEtl,"Roc Nation LLC",USQX91100167,no
376,"F**kin' Problems (feat. Drake, 2 Chainz & Kendrick Lamar)","A$AP Rocky, Drake, 2 Chainz, Kendrick Lamar",96,3B,69,2026-08-10,03:53,81,"rap, southern hip hop, hip hop, west coast hip hop","Hip Hop","LONG.LIVE.A$AP (Deluxe Version)",2013-00-00,85,2,0,66,20,10,-7,C♯/D♭,4,4X5f3vT8MRuXF68pfjNte5,"A$AP Worldwide/Polo Grounds Music/RCA Records",USRC11201220,yes
377,"Right Here","Justin Bieber, Drake",92,3B,57,2026-08-10,03:24,71,"canadian pop, pop, rap","Pop, Hip Hop","Believe (Deluxe Edition)",2012-06-15,64,2,0,73,0,30,-5,C♯/D♭,4,7vjtAU3Ns1AT4dRa0voHBJ,"RBMG/Def Jam",USUM71205295,no
378,"What's My Name?","Rihanna, Drake",100,10B,78,2026-08-10,04:23,83,"barbadian pop, pop, urban contemporary, rap","Pop, Hip Hop, R&B","Loud",2010-01-01,69,18,0,56,0,0,-3,D,4,6DkXLzBQT7cwXmTyzAB1DJ,"Def Jam Recordings",USUM71025031,yes
379,"Odio (feat. Drake)","Romeo Santos, Drake",128,5A,73,2026-08-10,03:45,83,"bachata, latin, rap","Latin, Hip Hop","Fórmula, Vol. 2 (Deluxe Edition)",2014-02-25,80,57,0,60,0,0,-6,C minor,4,1iLv1ieT9BZ3qsti9yTCnG,"Sony Music Latin",USSD11300465,no
380,"Ahí","KAROL G, Drake",100,6A,59,2026-08-10,02:56,87,"reggaeton, latin, urbano latino, rap","Latin, Hip Hop","NO ME ARREPIENTO DE SENTIR TANTO",2026-08-07,62,43,0,45,20,20,-5,G minor,4,6DoUDG1GJrJf6eGQLUBBnm,"Bichota/Interscope Records",USUG12607934,no
381,"MOTH BALLS","PARTYNEXTDOOR, Drake",96,3B,46,2026-08-10,03:32,67,"dark r&b, r&b, trap soul, rap","R&B, Hip Hop","$ome $exy $ongs 4 U",2025-02-14,51,39,0,19,10,10,-8,C♯/D♭,4,7DL2F2bueQycqYjqsjHYjG,"OVO Sound",USLD91772020,yes
382,"CRYING IN CHANEL","Drake",113,10B,41,2026-08-10,03:19,63,"rap","Hip Hop","$ome $exy $ongs 4 U",2025-02-14,60,22,0,12,0,10,-9,D,4,5aIEFCKhVUM5sKkwOSdFiM,"OVO Sound",USLD91772022,yes
383,"SOMETHING ABOUT YOU","PARTYNEXTDOOR, Drake",136,6A,49,2026-08-10,03:38,75,"dark r&b, r&b, trap soul, rap","R&B, Hip Hop","$ome $exy $ongs 4 U",2025-02-14,51,24,0,8,10,30,-9,G minor,4,1F6nHHDJyTHLgDDFj1ZZDt,"OVO Sound",USLD91772021,yes
384,"SPIDER-MAN SUPERMAN","PARTYNEXTDOOR, Drake",111,1B,52,2026-08-10,03:23,70,"dark r&b, r&b, trap soul, rap","R&B, Hip Hop","$ome $exy $ongs 4 U",2025-02-14,45,66,0,11,0,10,-9,B,4,4GqhG9rDuRUoNyDSMJ0Brq,"OVO Sound",USLD91772023,yes
385,"SMALL TOWN FAME","Drake",100,12A,52,2026-08-10,02:28,66,"rap","Hip Hop","$ome $exy $ongs 4 U",2025-02-14,84,44,0,35,30,30,-6,C♯/D♭ minor,4,1YHQQFtKqFSFrqL4cNvstU,"OVO Sound",USLD91772025,yes
386,"PIMMIE'S DILEMMA","Pimmie, PARTYNEXTDOOR, Drake",130,1B,22,2026-08-10,01:58,65,"dark r&b, r&b, trap soul, rap","R&B, Hip Hop","$ome $exy $ongs 4 U",2025-02-14,73,94,0,25,0,10,-8,B,4,3CY3zAjrxKVInh2Lq1QiRb,"OVO Sound",USLD91772026,no
387,"BRIAN STEEL","Drake",147,9A,56,2026-08-10,01:51,63,"rap","Hip Hop","$ome $exy $ongs 4 U",2025-02-14,76,10,0,47,10,20,-8,E minor,4,3FHO87BSOEVAsedSnCTnvz,"OVO Sound",USLD91772027,yes
388,"GIMME A HUG","Drake",143,3B,67,2026-08-10,03:13,71,"rap","Hip Hop","$ome $exy $ongs 4 U",2025-02-14,46,6,0,25,10,0,-6,C♯/D♭,4,5Nz7hI3cCOHmMR4vSLJ1An,"OVO Sound",USLD91772028,yes
389,"MEET YOUR PADRE","PARTYNEXTDOOR, Drake, Chino Pacas",128,10A,60,2026-08-10,04:31,60,"dark r&b, r&b, trap soul, rap, corrido, corridos tumbados, corridos bélicos, música mexicana","Latin, Traditional Music, R&B, Hip Hop","$ome $exy $ongs 4 U",2025-02-14,71,67,0,72,0,10,-9,B minor,4,0o5p5zzRN84q6qVbOVONPM,"OVO Sound",USLD91772031,no
390,"NOKIA","Drake",106,7B,73,2026-08-10,04:01,83,"rap","Hip Hop","$ome $exy $ongs 4 U",2025-02-14,54,25,0,51,10,10,-4,F,4,2u9S9JJ6hTZS3Vf22HOZKg,"OVO Sound",USLD91772032,yes
391,"DIE TRYING","PARTYNEXTDOOR, Drake, Yebba",110,1B,53,2026-08-10,03:15,83,"dark r&b, r&b, trap soul, rap, pop soul","R&B, Pop, Hip Hop","$ome $exy $ongs 4 U",2025-02-14,76,15,0,67,0,10,-6,B,4,0NUqi0ps17YpLUC3kgsZq0,"OVO Sound",USLD91772033,yes
392,"CELIBACY","PARTYNEXTDOOR, Drake",120,6A,36,2026-08-10,03:55,66,"dark r&b, r&b, trap soul, rap","R&B, Hip Hop","$ome $exy $ongs 4 U",2025-02-14,49,35,0,15,0,0,-10,G minor,4,578CwfxpfH2HxlENOCHc2n,"OVO Sound",USLD91772035,yes
393,"OMW","PARTYNEXTDOOR, Drake",144,7B,55,2026-08-10,03:53,66,"dark r&b, r&b, trap soul, rap","R&B, Hip Hop","$ome $exy $ongs 4 U",2025-02-14,39,10,0,12,0,10,-6,F,4,775a936b2Vzl3fw86FaVat,"OVO Sound",USLD91772036,yes
394,"WHEN HE'S GONE","PARTYNEXTDOOR, Drake",86,9A,50,2026-08-10,03:29,67,"dark r&b, r&b, trap soul, rap","R&B, Hip Hop","$ome $exy $ongs 4 U",2025-02-14,44,84,0,25,20,0,-6,E minor,4,6mmPe3Y3SEtYb9HZsHTyrj,"OVO Sound",USLD91772038,yes
395,"GREEDY","PARTYNEXTDOOR, Drake",132,1A,37,2026-08-10,06:26,68,"dark r&b, r&b, trap soul, rap","R&B, Hip Hop","$ome $exy $ongs 4 U",2025-02-14,36,90,0,15,0,10,-8,G#/A♭ minor,4,2MjQmsRAUArE2GDwjsVew3,"OVO Sound",USLD91772039,no
396,"What Did I Miss?","Drake",126,5A,81,2026-08-10,03:14,81,"rap","Hip Hop","ICEMAN",2026-05-15,76,18,0,51,0,20,-4,C minor,4,7oDbkGSI3IRzKmhrTiQdID,"OVO/Republic",USUG12505774,yes
397,"Which One (feat. Central Cee)","Drake, Central Cee",120,6B,50,2026-08-10,02:49,75,"rap, uk drill, drill, uk grime","Hip Hop","MAID OF HONOUR",2026-05-15,91,42,0,52,30,10,-7,A#/B♭,4,4qLHbbVJjNsOqWxHrTtvgx,"OVO/Republic",USUG12506621,yes
398,"Where’s Your Stuff Interlude","Drake",126,4B,36,2026-08-10,00:52,59,"rap","Hip Hop","MAID OF HONOUR",2026-05-15,62,96,0,68,30,10,-10,G#/A♭,5,3WjmqBYVBac2PNZyGaiZnP,"OVO/Republic",USUG12602466,yes
399,"Trophies","Young Money, Drake",144,3B,69,2026-08-15,03:08,75,"dirty south rap, pop rap, rap, southern hip hop, trap","Hip Hop, Pop","Rise Of An Empire (Deluxe Edition)",2014-01-01,74,16,0,28,30,10,-7,C♯/D♭,4,6HfOzLLjsaXsehIFEsrxTk,"Cash Money Records/Motown Records",USCM51400038,yes
400,"Amen (feat. Drake)","Meek Mill, Drake",150,6B,80,2026-08-22,04:49,55,"rap","Hip Hop","Dreams and Nightmares (Deluxe Edition)",2012-10-26,50,18,0,27,30,0,-5,A#/B♭,4,32UIpKdyGzgTPTO8e5ge5c,"MMG/Warner Records",USWB11201519,yes
401,"No Lie","2 Chainz, Drake",131,11A,67,2026-08-24,03:57,67,"southern hip hop, rap","Hip Hop","Based On A T.R.U. Story (Deluxe)",2012-01-01,63,2,0,61,10,30,-6,F#/G♭ minor,4,4Ox97hNeJSWFCZ8vp76vog,"Def Jam Recordings",USUM71204666,yes
402,"Round of Applause (feat. Drake)","Waka Flocka Flame, Drake",140,11B,76,2026-08-24,04:26,61,"atl hip hop, dirty south rap, pop rap, rap, southern hip hop, trap","Hip Hop, Pop","Triple F Life: Friends, Fans & Family (Deluxe Version)",2012-06-08,71,34,0,90,20,10,-5,A,4,5ORf8BZMbq4xN9kiumrPcQ,"Warner (France)",USWB11103148,yes
403,"4 My Town (Play Ball)","Birdman, Drake, Lil Wayne",152,3B,62,2026-08-24,04:21,57,"southern hip hop, rap, hip hop","Hip Hop","Pricele$$",2009-11-23,62,5,0,52,20,30,-7,C♯/D♭,4,3922kPG1JMYBNhACLo9j3f,"Cash Money",USCM50901149,yes
404,"Moment 4 Life","Nicki Minaj, Drake",98,1B,88,2026-08-26,04:39,76,"hip pop, pop, queens hip hop, rap","Hip Hop, Pop","Pink Friday",2010-01-01,48,41,0,37,30,20,-4,B,4,1ia019RqDK2o4QiANR1Dyn,"Nicki Minaj/Cash Money",USCM51000722,yes
405,"100","The Game, Drake",108,9A,52,2026-09-04,05:34,62,"west coast hip hop, old school hip hop, gangster rap, hip hop, rap","Hip Hop","The Documentary 2",2015-10-09,80,1,0,39,30,10,-10,E minor,4,48YCxFA6VaPwpFd7sFuwnM,"eOne Music",USKO11500831,yes
406,"Good Girls Go Bad","The Game, Drake",160,12A,84,2026-09-07,04:38,45,"west coast hip hop, old school hip hop, gangster rap, hip hop, rap","Hip Hop","The R.E.D. Album",2011-01-01,38,3,0,39,30,80,-5,C♯/D♭ minor,4,7vf8yaBjR5LK9xoArmfWkA,"Geffen",USUM71112099,yes
407,"Poppin Bottles","T.I., Drake",78,8B,85,2026-09-09,05:20,59,"southern hip hop, rap","Hip Hop","No Mercy",2010-12-02,63,0,0,37,10,30,-4,C,4,2pwPtne9zCNTsyYZDLHxDf,"Grand Hustle, LLC",USAT21002613,yes
408,"Off That","JAŸ-Z, Drake",111,3B,93,2026-09-09,04:06,47,"hip hop, east coast hip hop, rap","Hip Hop","The Blueprint 3",2009-09-08,56,28,0,81,20,10,-4,C♯/D♭,4,637A7SaHyjxQEHyUMb30hx,"Roc Nation / Jay-Z",USJZ10900034,yes
409,"We In This 1.5 (feat. Drake and Future)","DJ Drama, Future, Drake",102,9A,84,2026-09-11,03:21,47,"southern hip hop, rap, trap","Hip Hop","Quality Street Music",2012-10-02,39,17,0,51,10,40,-5,E minor,5,1uUKLjIKSEKxJq7Z8Q4ybv,"eOne Music",USKO11202081,yes
410,"Know Bout Me","Timbaland, JAŸ-Z, Drake, James Fauntleroy",107,10B,72,2026-09-12,04:23,42,"dance pop, pop, pop rap, hip hop, east coast hip hop, rap","Electronic, Pop, Hip Hop","Know Bout Me",2013-01-01,79,4,1,20,0,30,-7,D,4,0mcrxVVgQd6jUpLArEB4k6,"Interscope",USUM71318500,yes
411,"Grindin'","Lil Wayne, Drake",104,3B,52,2026-09-12,05:06,48,"rap, hip hop","Hip Hop","Grindin'",2014-01-01,80,1,0,39,20,50,-8,C♯/D♭,4,6lVJb47gQEh3PV585qgRoy,"CM/Republic",USCM51400291,yes
412,"ALL I NEED (feat. Drake)","Popcaan, Drake",91,3A,43,2026-09-14,02:57,59,"dancehall, soca, riddim, afrobeats, reggae, ragga, rap","R&B, Traditional Music, Reggae, Hip Hop, Electronic, Latin","FIXTAPE",2020-08-07,57,7,0,13,0,10,-9,A#/B♭ minor,4,2VkusCBEW3EtnXdlZ3V3U5,"OVO Sound",USWB12002892,yes
413,"Diplomatic Immunity","Drake",75,8A,84,2026-09-20,04:15,55,"rap","Hip Hop","Diplomatic Immunity",2018-01-20,65,1,0,55,40,30,-5,A minor,4,4haJoBPbPj9QFKNpp9e8kx,"Republic Records",USCM51800006,yes
414,"Fear","Drake",84,8A,78,2026-09-24,04:40,61,"rap","Hip Hop","Fear",2009-09-15,33,6,0,31,10,10,-6,A minor,4,5WfBl43XUcWng7OnB8LKNW,"Republic Records",USCM50900324,yes